# Made in Blockbench 5.0.3
mtllib ExplosiveBarrel.mtl

o cylinder
v 0 0 0
v 0 1.5 0
v 0.057597967694485684 0 0.43750000000000006
v 0.057597967694485684 1.5 0.43750000000000006
v 0.16886869677022 0 0.4076850980029348
v 0.16886869677022 1.5 0.4076850980029348
v 0.26863130322978007 0 0.3500871303084491
v 0.26863130322978007 1.5 0.3500871303084491
v 0.3500871303084491 0 0.26863130322978007
v 0.3500871303084491 1.5 0.26863130322978007
v 0.4076850980029348 0 0.16886869677022004
v 0.4076850980029348 1.5 0.16886869677022004
v 0.43750000000000006 0 0.05759796769448575
v 0.43750000000000006 1.5 0.05759796769448575
v 0.43750000000000006 0 -0.0575979676944856
v 0.43750000000000006 1.5 -0.0575979676944856
v 0.4076850980029348 0 -0.16886869677021998
v 0.4076850980029348 1.5 -0.16886869677021998
v 0.3500871303084491 0 -0.26863130322978007
v 0.3500871303084491 1.5 -0.26863130322978007
v 0.2686313032297801 0 -0.35008713030844907
v 0.2686313032297801 1.5 -0.35008713030844907
v 0.16886869677022004 0 -0.4076850980029348
v 0.16886869677022004 1.5 -0.4076850980029348
v 0.057597967694485684 0 -0.43750000000000006
v 0.057597967694485684 1.5 -0.43750000000000006
v -0.05759796769448577 0 -0.43750000000000006
v -0.05759796769448577 1.5 -0.43750000000000006
v -0.16886869677021996 0 -0.40768509800293484
v -0.16886869677021996 1.5 -0.40768509800293484
v -0.2686313032297799 0 -0.35008713030844923
v -0.2686313032297799 1.5 -0.35008713030844923
v -0.350087130308449 0 -0.2686313032297801
v -0.350087130308449 1.5 -0.2686313032297801
v -0.40768509800293473 0 -0.16886869677022023
v -0.40768509800293473 1.5 -0.16886869677022023
v -0.43750000000000006 0 -0.05759796769448571
v -0.43750000000000006 1.5 -0.05759796769448571
v -0.43750000000000006 0 0.05759796769448555
v -0.43750000000000006 1.5 0.05759796769448555
v -0.40768509800293473 0 0.1688686967702201
v -0.40768509800293473 1.5 0.1688686967702201
v -0.3500871303084491 0 0.26863130322978
v -0.3500871303084491 1.5 0.26863130322978
v -0.2686313032297801 0 0.350087130308449
v -0.2686313032297801 1.5 0.350087130308449
v -0.16886869677022026 0 0.40768509800293473
v -0.16886869677022026 1.5 0.40768509800293473
v -0.05759796769448573 0 0.43750000000000006
v -0.05759796769448573 1.5 0.43750000000000006
vt 0.5265921875 0.6331718749999999
vt 0.49877499999999997 0.640625
vt 0.484375 0.53125
vt 0.09375 0.234375
vt 0.12255 0.234375
vt 0.12255 0.609375
vt 0.09375 0.609375
vt 0.530025 0.78125
vt 0.5578421875 0.7887031250000001
vt 0.515625 0.890625
vt 0.5515328125 0.618771875
vt 0.5265921875 0.6331718749999999
vt 0.484375 0.53125
vt 0.12255 0.234375
vt 0.15134999999999998 0.234375
vt 0.15134999999999998 0.609375
vt 0.12255 0.609375
vt 0.5578421875 0.7887031250000001
vt 0.5827828125 0.803103125
vt 0.515625 0.890625
vt 0.571896875 0.5984078125
vt 0.5515328125 0.618771875
vt 0.484375 0.53125
vt 0.15134999999999998 0.234375
vt 0.18014999999999998 0.234375
vt 0.18014999999999998 0.609375
vt 0.15134999999999998 0.609375
vt 0.5827828125 0.803103125
vt 0.603146875 0.8234671875
vt 0.515625 0.890625
vt 0.5862968749999999 0.5734671875
vt 0.571896875 0.5984078125
vt 0.484375 0.53125
vt 0.20925 0.234375
vt 0.23804999999999998 0.234375
vt 0.23804999999999998 0.609375
vt 0.20925 0.609375
vt 0.603146875 0.8234671875
vt 0.6175468749999999 0.8484078125
vt 0.515625 0.890625
vt 0.59375 0.54565
vt 0.5862968749999999 0.5734671875
vt 0.484375 0.53125
vt 0.23804999999999998 0.234375
vt 0.26685000000000003 0.234375
vt 0.26685000000000003 0.609375
vt 0.23804999999999998 0.609375
vt 0.6175468749999999 0.8484078125
vt 0.625 0.876225
vt 0.515625 0.890625
vt 0.59375 0.51685
vt 0.59375 0.54565
vt 0.484375 0.53125
vt 0.26685000000000003 0.234375
vt 0.29564999999999997 0.234375
vt 0.29564999999999997 0.609375
vt 0.26685000000000003 0.609375
vt 0.625 0.876225
vt 0.625 0.905025
vt 0.515625 0.890625
vt 0.5862968749999999 0.48903281249999997
vt 0.59375 0.51685
vt 0.484375 0.53125
vt 0.29564999999999997 0.234375
vt 0.32445 0.234375
vt 0.32445 0.609375
vt 0.29564999999999997 0.609375
vt 0.625 0.905025
vt 0.6175468749999999 0.9328421875
vt 0.515625 0.890625
vt 0.571896875 0.46409218750000003
vt 0.5862968749999999 0.48903281249999997
vt 0.484375 0.53125
vt 0.32445 0.234375
vt 0.35325 0.234375
vt 0.35325 0.609375
vt 0.32445 0.609375
vt 0.6175468749999999 0.9328421875
vt 0.603146875 0.9577828125
vt 0.515625 0.890625
vt 0.5515328125 0.44372812500000003
vt 0.571896875 0.46409218750000003
vt 0.484375 0.53125
vt 0.007350000000000009 0.625
vt 0.03615 0.625
vt 0.03615 1
vt 0.007350000000000009 1
vt 0.603146875 0.9577828125
vt 0.5827828125 0.978146875
vt 0.515625 0.890625
vt 0.5265921875 0.42932812500000006
vt 0.5515328125 0.44372812500000003
vt 0.484375 0.53125
vt 0.03615 0.625
vt 0.06495 0.625
vt 0.06495 1
vt 0.03615 1
vt 0.5827828125 0.978146875
vt 0.5578421875 0.9925468749999999
vt 0.515625 0.890625
vt 0.49877499999999997 0.421875
vt 0.5265921875 0.42932812500000006
vt 0.484375 0.53125
vt 0.06495 0.625
vt 0.09375 0.625
vt 0.09375 1
vt 0.06495 1
vt 0.5578421875 0.9925468749999999
vt 0.530025 1
vt 0.515625 0.890625
vt 0.46997500000000003 0.421875
vt 0.49877499999999997 0.421875
vt 0.484375 0.53125
vt 0.09375 0.625
vt 0.12254999999999999 0.625
vt 0.12254999999999999 1
vt 0.09375 1
vt 0.530025 1
vt 0.501225 1
vt 0.515625 0.890625
vt 0.44215781249999997 0.42932812500000006
vt 0.46997500000000003 0.421875
vt 0.484375 0.53125
vt 0.12254999999999999 0.625
vt 0.15134999999999998 0.625
vt 0.15134999999999998 1
vt 0.12254999999999999 1
vt 0.501225 1
vt 0.47340781249999997 0.9925468749999999
vt 0.515625 0.890625
vt 0.41721718750000003 0.44372812500000003
vt 0.44215781249999997 0.42932812500000006
vt 0.484375 0.53125
vt 0.15134999999999998 0.625
vt 0.18014999999999998 0.625
vt 0.18014999999999998 1
vt 0.15134999999999998 1
vt 0.47340781249999997 0.9925468749999999
vt 0.44846718750000003 0.978146875
vt 0.515625 0.890625
vt 0.39685312500000003 0.46409218750000003
vt 0.41721718750000003 0.44372812500000003
vt 0.484375 0.53125
vt 0.375 0.046875
vt 0.40625 0.046875
vt 0.40625 0.421875
vt 0.375 0.421875
vt 0.44846718750000003 0.978146875
vt 0.42810312500000003 0.9577828125
vt 0.515625 0.890625
vt 0.382453125 0.48903281249999997
vt 0.39685312500000003 0.46409218750000003
vt 0.484375 0.53125
vt 0.21047500000000002 0.625
vt 0.23927500000000002 0.625
vt 0.23927500000000002 1
vt 0.21047500000000002 1
vt 0.42810312500000003 0.9577828125
vt 0.413703125 0.9328421875
vt 0.515625 0.890625
vt 0.375 0.51685
vt 0.382453125 0.48903281249999997
vt 0.484375 0.53125
vt 0.23927500000000002 0.625
vt 0.268075 0.625
vt 0.268075 1
vt 0.23927500000000002 1
vt 0.413703125 0.9328421875
vt 0.40625 0.905025
vt 0.515625 0.890625
vt 0.375 0.54565
vt 0.375 0.51685
vt 0.484375 0.53125
vt 0.268075 0.625
vt 0.296875 0.625
vt 0.296875 1
vt 0.268075 1
vt 0.40625 0.905025
vt 0.40625 0.876225
vt 0.515625 0.890625
vt 0.382453125 0.5734671875
vt 0.375 0.54565
vt 0.484375 0.53125
vt 0.296875 0.625
vt 0.325675 0.625
vt 0.325675 1
vt 0.296875 1
vt 0.40625 0.876225
vt 0.413703125 0.8484078125
vt 0.515625 0.890625
vt 0.39685312500000003 0.5984078125
vt 0.382453125 0.5734671875
vt 0.484375 0.53125
vt 0.325675 0.625
vt 0.354475 0.625
vt 0.354475 1
vt 0.325675 1
vt 0.413703125 0.8484078125
vt 0.42810312500000003 0.8234671875
vt 0.515625 0.890625
vt 0.41721718750000003 0.618771875
vt 0.39685312500000003 0.5984078125
vt 0.484375 0.53125
vt 0.354475 0.625
vt 0.383275 0.625
vt 0.383275 1
vt 0.354475 1
vt 0.42810312500000003 0.8234671875
vt 0.44846718750000003 0.803103125
vt 0.515625 0.890625
vt 0.44215781249999997 0.6331718749999999
vt 0.41721718750000003 0.618771875
vt 0.484375 0.53125
vt 0.007350000000000009 0.234375
vt 0.03615 0.234375
vt 0.03615 0.609375
vt 0.007350000000000009 0.609375
vt 0.44846718750000003 0.803103125
vt 0.47340781249999997 0.7887031250000001
vt 0.515625 0.890625
vt 0.46997500000000003 0.640625
vt 0.44215781249999997 0.6331718749999999
vt 0.484375 0.53125
vt 0.03615 0.234375
vt 0.06495000000000001 0.234375
vt 0.06495000000000001 0.609375
vt 0.03615 0.609375
vt 0.47340781249999997 0.7887031250000001
vt 0.501225 0.78125
vt 0.515625 0.890625
vt 0.49877499999999997 0.640625
vt 0.46997500000000003 0.640625
vt 0.484375 0.53125
vt 0.06495000000000001 0.234375
vt 0.09375 0.234375
vt 0.09375 0.609375
vt 0.06495000000000001 0.609375
vt 0.501225 0.78125
vt 0.530025 0.78125
vt 0.515625 0.890625
vn 0 -1 0
vn 0.25881904510252085 0 0.9659258262890683
vn 0 1 0
vn 0 -1 0
vn 0.4999999999999998 0 0.8660254037844389
vn 0 1 0
vn 0 -1 0
vn 0.7071067811865476 0 0.7071067811865476
vn 0 1 0
vn 0 -1 0
vn 0.8660254037844387 0 0.49999999999999983
vn 0 1 0
vn 0 -1 0
vn 0.9659258262890682 0 0.25881904510252096
vn 0 1 0
vn 0 -1 0
vn 1 0 0
vn 0 1 0
vn 0 -1 0
vn 0.9659258262890683 0 -0.25881904510252074
vn 0 1 0
vn 0 -1 0
vn 0.8660254037844388 0 -0.49999999999999967
vn 0 1 0
vn 0 -1 0
vn 0.7071067811865476 0 -0.7071067811865476
vn 0 1 0
vn 0 -1 0
vn 0.5000000000000001 0 -0.8660254037844388
vn 0 1 0
vn 0 -1 0
vn 0.2588190451025208 0 -0.9659258262890683
vn 0 1 0
vn 0 -1 0
vn 0 0 -1
vn 0 1 0
vn 0 -1 0
vn -0.2588190451025208 0 -0.9659258262890684
vn 0 1 0
vn 0 -1 0
vn -0.4999999999999999 0 -0.8660254037844389
vn 0 1 0
vn 0 -1 0
vn -0.7071067811865476 0 -0.7071067811865476
vn 0 1 0
vn 0 -1 0
vn -0.8660254037844383 0 -0.5000000000000008
vn 0 1 0
vn 0 -1 0
vn -0.9659258262890683 0 -0.2588190451025209
vn 0 1 0
vn 0 -1 0
vn -1 0 0
vn 0 1 0
vn 0 -1 0
vn -0.9659258262890684 0 0.25881904510252085
vn 0 1 0
vn 0 -1 0
vn -0.8660254037844387 0 0.49999999999999994
vn 0 1 0
vn 0 -1 0
vn -0.7071067811865476 0 0.7071067811865476
vn 0 1 0
vn 0 -1 0
vn -0.5000000000000009 0 0.8660254037844382
vn 0 1 0
vn 0 -1 0
vn -0.2588190451025209 0 0.9659258262890683
vn 0 1 0
vn 0 -1 0
vn 0 0 1
vn 0 1 0
usemtl m_6d754de0-e925-2bbd-1b62-10b9a9d96b7d
f 5/1/1 3/2/1 1/3/1
f 3/4/2 5/5/2 6/6/2 4/7/2
f 4/8/3 6/9/3 2/10/3
f 7/11/4 5/12/4 1/13/4
f 5/14/5 7/15/5 8/16/5 6/17/5
f 6/18/6 8/19/6 2/20/6
f 9/21/7 7/22/7 1/23/7
f 7/24/8 9/25/8 10/26/8 8/27/8
f 8/28/9 10/29/9 2/30/9
f 11/31/10 9/32/10 1/33/10
f 9/34/11 11/35/11 12/36/11 10/37/11
f 10/38/12 12/39/12 2/40/12
f 13/41/13 11/42/13 1/43/13
f 11/44/14 13/45/14 14/46/14 12/47/14
f 12/48/15 14/49/15 2/50/15
f 15/51/16 13/52/16 1/53/16
f 13/54/17 15/55/17 16/56/17 14/57/17
f 14/58/18 16/59/18 2/60/18
f 17/61/19 15/62/19 1/63/19
f 15/64/20 17/65/20 18/66/20 16/67/20
f 16/68/21 18/69/21 2/70/21
f 19/71/22 17/72/22 1/73/22
f 17/74/23 19/75/23 20/76/23 18/77/23
f 18/78/24 20/79/24 2/80/24
f 21/81/25 19/82/25 1/83/25
f 19/84/26 21/85/26 22/86/26 20/87/26
f 20/88/27 22/89/27 2/90/27
f 23/91/28 21/92/28 1/93/28
f 21/94/29 23/95/29 24/96/29 22/97/29
f 22/98/30 24/99/30 2/100/30
f 25/101/31 23/102/31 1/103/31
f 23/104/32 25/105/32 26/106/32 24/107/32
f 24/108/33 26/109/33 2/110/33
f 27/111/34 25/112/34 1/113/34
f 25/114/35 27/115/35 28/116/35 26/117/35
f 26/118/36 28/119/36 2/120/36
f 29/121/37 27/122/37 1/123/37
f 27/124/38 29/125/38 30/126/38 28/127/38
f 28/128/39 30/129/39 2/130/39
f 31/131/40 29/132/40 1/133/40
f 29/134/41 31/135/41 32/136/41 30/137/41
f 30/138/42 32/139/42 2/140/42
f 33/141/43 31/142/43 1/143/43
f 31/144/44 33/145/44 34/146/44 32/147/44
f 32/148/45 34/149/45 2/150/45
f 35/151/46 33/152/46 1/153/46
f 33/154/47 35/155/47 36/156/47 34/157/47
f 34/158/48 36/159/48 2/160/48
f 37/161/49 35/162/49 1/163/49
f 35/164/50 37/165/50 38/166/50 36/167/50
f 36/168/51 38/169/51 2/170/51
f 39/171/52 37/172/52 1/173/52
f 37/174/53 39/175/53 40/176/53 38/177/53
f 38/178/54 40/179/54 2/180/54
f 41/181/55 39/182/55 1/183/55
f 39/184/56 41/185/56 42/186/56 40/187/56
f 40/188/57 42/189/57 2/190/57
f 43/191/58 41/192/58 1/193/58
f 41/194/59 43/195/59 44/196/59 42/197/59
f 42/198/60 44/199/60 2/200/60
f 45/201/61 43/202/61 1/203/61
f 43/204/62 45/205/62 46/206/62 44/207/62
f 44/208/63 46/209/63 2/210/63
f 47/211/64 45/212/64 1/213/64
f 45/214/65 47/215/65 48/216/65 46/217/65
f 46/218/66 48/219/66 2/220/66
f 49/221/67 47/222/67 1/223/67
f 47/224/68 49/225/68 50/226/68 48/227/68
f 48/228/69 50/229/69 2/230/69
f 3/231/70 49/232/70 1/233/70
f 49/234/71 3/235/71 4/236/71 50/237/71
f 50/238/72 4/239/72 2/240/72
o torus
v 0.26516958924745504 0.9974143100362596 0.2904283443219275
v 0.29401623766612067 0.9935951845486329 0.3220227830478992
v 0.3059649106701404 0.984375 0.3351096280637625
v 0.29401623766612067 0.9751548154513671 0.3220227830478992
v 0.26516958924745504 0.9713356899637404 0.2904283443219275
v 0.23632294082878938 0.9751548154513671 0.25883390559595576
v 0.2243742678247696 0.984375 0.24574706058009246
v 0.23632294082878938 0.9935951845486329 0.25883390559595576
v 0.33004827809480075 0.9974143100362596 0.21255422671036156
v 0.3659527974116895 0.9935951845486329 0.23567707826063217
v 0.38082493626323166 0.984375 0.24525487697349402
v 0.3659527974116895 0.9751548154513671 0.23567707826063217
v 0.33004827809480075 0.9713356899637404 0.21255422671036156
v 0.294143758777912 0.9751548154513671 0.18943137516009084
v 0.2792716199263699 0.984375 0.17985357644722896
v 0.294143758777912 0.9935951845486329 0.18943137516009084
v 0.3724347222205542 0.9974143100362596 0.12019488981095228
v 0.4129502787792438 0.9935951845486329 0.13327037006468984
v 0.4297323717929472 0.984375 0.13868641132032952
v 0.4129502787792438 0.9751548154513671 0.13327037006468984
v 0.3724347222205542 0.9713356899637404 0.12019488981095228
v 0.33191916566186463 0.9751548154513671 0.10711940955721472
v 0.31513707264816126 0.984375 0.10170336830157498
v 0.33191916566186463 0.9935951845486329 0.10711940955721472
v 0.3894403555044561 0.9974143100362596 0.019644469802373693
v 0.4318058810805947 0.9935951845486329 0.021781506388538763
v 0.44935425635129556 0.984375 0.022666695925815772
v 0.4318058810805947 0.9751548154513671 0.021781506388538763
v 0.3894403555044561 0.9713356899637404 0.019644469802373693
v 0.34707482992831756 0.9751548154513671 0.017507433216208623
v 0.3295264546576167 0.984375 0.016622243678931614
v 0.34707482992831756 0.9935951845486329 0.017507433216208623
v 0.37990627214134637 0.9974143100362596 -0.08224468835921535
v 0.42123462617926144 0.9935951845486329 -0.09119173095235003
v 0.43835339093232273 0.984375 -0.09489771733755614
v 0.42123462617926144 0.9751548154513671 -0.09119173095235003
v 0.37990627214134637 0.9713356899637404 -0.08224468835921535
v 0.33857791810343135 0.9751548154513671 -0.07329764576608068
v 0.32145915335037 0.984375 -0.06959165938087453
v 0.33857791810343135 0.9935951845486329 -0.07329764576608068
v 0.3444822041566032 0.9974143100362596 -0.1785290069248977
v 0.38195692762694505 0.9935951845486329 -0.19795040253029694
v 0.3974794663345421 0.984375 -0.20599500799026654
v 0.38195692762694505 0.9751548154513671 -0.19795040253029694
v 0.3444822041566032 0.9713356899637404 -0.1785290069248977
v 0.3070074806862612 0.9751548154513671 -0.1591076113194984
v 0.2914849419786642 0.984375 -0.15106300585952878
v 0.3070074806862612 0.9935951845486329 -0.1591076113194984
v 0.2855822432423465 0.9974143100362596 -0.26264686870178183
v 0.3166494956705202 0.9935951845486329 -0.2912190813043115
v 0.3295179729719383 0.984375 -0.3030540792712868
v 0.3166494956705202 0.9751548154513671 -0.2912190813043115
v 0.2855822432423465 0.9713356899637404 -0.26264686870178183
v 0.2545149908141728 0.9751548154513671 -0.2340746560992522
v 0.2416465135127547 0.984375 -0.22223965813227692
v 0.2545149908141728 0.9935951845486329 -0.2340746560992522
v 0.20722032439809518 0.9974143100362596 -0.3288657804211125
v 0.2297629238721828 0.9935951845486329 -0.36464166094972394
v 0.23910037430549447 0.984375 -0.3794605158705144
v 0.2297629238721828 0.9751548154513671 -0.36464166094972394
v 0.20722032439809518 0.9713356899637404 -0.3288657804211125
v 0.18467772492400766 0.9751548154513671 -0.293089899892501
v 0.17534027449069595 0.984375 -0.27827104497171057
v 0.18467772492400766 0.9935951845486329 -0.293089899892501
v 0.11473668289389136 0.9974143100362596 -0.3726730326811428
v 0.1272183885131407 0.9935951845486329 -0.41321451400024933
v 0.1323884802621823 0.984375 -0.4300073454013187
v 0.1272183885131407 0.9751548154513671 -0.41321451400024933
v 0.11473668289389136 0.9713356899637404 -0.3726730326811428
v 0.10225497727464193 0.9751548154513671 -0.3321315513620364
v 0.09708488552560034 0.984375 -0.315338719960967
v 0.10225497727464193 0.9935951845486329 -0.3321315513620364
v 0.014433926061802493 0.9974143100362596 -0.3910832336352592
v 0.016004130215255707 0.9935951845486329 -0.4336274807909292
v 0.01665453007131057 0.984375 -0.45124988496376073
v 0.016004130215255707 0.9751548154513671 -0.4336274807909292
v 0.014433926061802493 0.9713356899637404 -0.3910832336352592
v 0.012863721908349307 0.9751548154513671 -0.3485389864795893
v 0.01221332205229439 0.984375 -0.3309165823067578
v 0.012863721908349307 0.9935951845486329 -0.3485389864795893
v -0.08685247897820775 0.9974143100362596 -0.3828417585127343
v -0.09630078310872353 0.9935951845486329 -0.4244894513690014
v -0.10021439882100894 0.984375 -0.44174049059161635
v -0.09630078310872353 0.9751548154513671 -0.4244894513690014
v -0.08685247897820775 0.9713356899637404 -0.3828417585127343
v -0.07740417484769196 0.9751548154513671 -0.341194065656467
v -0.07349055913540657 0.984375 -0.32394302643385203
v -0.07740417484769196 0.9935951845486329 -0.341194065656467
v -0.18222003110636095 0.9974143100362596 -0.3485102502234862
v -0.20204295720841187 0.9935951845486329 -0.38642316733826265
v -0.2102538820458011 0.984375 -0.4021272117963302
v -0.20204295720841187 0.9751548154513671 -0.38642316733826265
v -0.18222003110636095 0.9713356899637404 -0.3485102502234862
v -0.16239710500430996 0.9751548154513671 -0.31059733310870963
v -0.15418618016692076 0.984375 -0.2948932886506421
v -0.16239710500430996 0.9935951845486329 -0.31059733310870963
v -0.26516958924745515 0.9974143100362596 -0.29042834432192743
v -0.2940162376661207 0.9935951845486329 -0.32202278304789916
v -0.3059649106701405 0.984375 -0.33510962806376243
v -0.2940162376661207 0.9751548154513671 -0.32202278304789916
v -0.26516958924745515 0.9713356899637404 -0.29042834432192743
v -0.23632294082878944 0.9751548154513671 -0.2588339055959557
v -0.22437426782476966 0.984375 -0.2457470605800924
v -0.23632294082878944 0.9935951845486329 -0.2588339055959557
v -0.33004827809480075 0.9974143100362596 -0.21255422671036156
v -0.3659527974116895 0.9935951845486329 -0.23567707826063222
v -0.38082493626323166 0.984375 -0.24525487697349413
v -0.3659527974116895 0.9751548154513671 -0.23567707826063222
v -0.33004827809480075 0.9713356899637404 -0.21255422671036156
v -0.294143758777912 0.9751548154513671 -0.18943137516009095
v -0.27927161992636984 0.984375 -0.17985357644722905
v -0.294143758777912 0.9935951845486329 -0.18943137516009095
v -0.3724347222205542 0.9974143100362596 -0.12019488981095244
v -0.41295027877924373 0.9935951845486329 -0.13327037006469006
v -0.4297323717929471 0.984375 -0.13868641132032974
v -0.41295027877924373 0.9751548154513671 -0.13327037006469006
v -0.3724347222205542 0.9713356899637404 -0.12019488981095244
v -0.33191916566186463 0.9751548154513671 -0.10711940955721488
v -0.3151370726481612 0.984375 -0.10170336830157516
v -0.33191916566186463 0.9935951845486329 -0.10711940955721488
v -0.3894403555044561 0.9974143100362596 -0.019644469802373832
v -0.43180588108059464 0.9935951845486329 -0.02178150638853893
v -0.4493542563512955 0.984375 -0.022666695925815966
v -0.43180588108059464 0.9751548154513671 -0.02178150638853893
v -0.3894403555044561 0.9713356899637404 -0.019644469802373832
v -0.3470748299283176 0.9751548154513671 -0.017507433216208762
v -0.3295264546576167 0.984375 -0.016622243678931725
v -0.3470748299283176 0.9935951845486329 -0.017507433216208762
v -0.3799062721413464 0.9974143100362596 0.08224468835921508
v -0.42123462617926144 0.9935951845486329 0.09119173095234981
v -0.4383533909323228 0.984375 0.09489771733755592
v -0.42123462617926144 0.9751548154513671 0.09119173095234981
v -0.3799062721413464 0.9713356899637404 0.08224468835921508
v -0.33857791810343135 0.9751548154513671 0.07329764576608046
v -0.32145915335037006 0.984375 0.06959165938087433
v -0.33857791810343135 0.9935951845486329 0.07329764576608046
v -0.3444822041566032 0.9974143100362596 0.17852900692489773
v -0.38195692762694505 0.9935951845486329 0.19795040253029697
v -0.3974794663345421 0.984375 0.2059950079902666
v -0.38195692762694505 0.9751548154513671 0.19795040253029697
v -0.3444822041566032 0.9713356899637404 0.17852900692489773
v -0.30700748068626116 0.9751548154513671 0.15910761131949844
v -0.29148494197866415 0.984375 0.1510630058595288
v -0.30700748068626116 0.9935951845486329 0.15910761131949844
v -0.28558224324234655 0.9974143100362596 0.26264686870178183
v -0.31664949567052025 0.9935951845486329 0.29121908130431146
v -0.32951797297193836 0.984375 0.30305407927128675
v -0.31664949567052025 0.9751548154513671 0.29121908130431146
v -0.28558224324234655 0.9713356899637404 0.26264686870178183
v -0.25451499081417284 0.9751548154513671 0.23407465609925215
v -0.2416465135127547 0.984375 0.22223965813227692
v -0.25451499081417284 0.9935951845486329 0.23407465609925215
v -0.20722032439809507 0.9974143100362596 0.3288657804211126
v -0.22976292387218267 0.9935951845486329 0.36464166094972406
v -0.23910037430549436 0.984375 0.37946051587051444
v -0.22976292387218267 0.9751548154513671 0.36464166094972406
v -0.20722032439809507 0.9713356899637404 0.3288657804211126
v -0.18467772492400755 0.9751548154513671 0.293089899892501
v -0.17534027449069584 0.984375 0.27827104497171057
v -0.18467772492400755 0.9935951845486329 0.293089899892501
v -0.11473668289389138 0.9974143100362596 0.3726730326811428
v -0.12721838851314074 0.9935951845486329 0.4132145140002493
v -0.13238848026218233 0.984375 0.4300073454013187
v -0.12721838851314074 0.9751548154513671 0.4132145140002493
v -0.11473668289389138 0.9713356899637404 0.3726730326811428
v -0.10225497727464197 0.9751548154513671 0.3321315513620364
v -0.09708488552560036 0.984375 0.31533871996096696
v -0.10225497727464197 0.9935951845486329 0.3321315513620364
v -0.014433926061802521 0.9974143100362596 0.39108323363525915
v -0.016004130215255735 0.9935951845486329 0.43362748079092917
v -0.016654530071310625 0.984375 0.4512498849637606
v -0.016004130215255735 0.9751548154513671 0.43362748079092917
v -0.014433926061802521 0.9713356899637404 0.39108323363525915
v -0.012863721908349307 0.9751548154513671 0.3485389864795893
v -0.012213322052294417 0.984375 0.3309165823067578
v -0.012863721908349307 0.9935951845486329 0.3485389864795893
v 0.08685247897820751 0.9974143100362596 0.3828417585127343
v 0.09630078310872328 0.9935951845486329 0.4244894513690014
v 0.10021439882100872 0.984375 0.4417404905916165
v 0.09630078310872328 0.9751548154513671 0.4244894513690014
v 0.08685247897820751 0.9713356899637404 0.3828417585127343
v 0.07740417484769176 0.9751548154513671 0.34119406565646704
v 0.07349055913540638 0.984375 0.3239430264338521
v 0.07740417484769176 0.9935951845486329 0.34119406565646704
v 0.18222003110636092 0.9974143100362596 0.3485102502234862
v 0.20204295720841184 0.9935951845486329 0.3864231673382627
v 0.21025388204580103 0.984375 0.4021272117963302
v 0.20204295720841184 0.9751548154513671 0.3864231673382627
v 0.18222003110636092 0.9713356899637404 0.3485102502234862
v 0.16239710500430993 0.9751548154513671 0.3105973331087097
v 0.15418618016692073 0.984375 0.2948932886506421
v 0.16239710500430993 0.9935951845486329 0.3105973331087097
vt 0.13837031249999998 0.7749469207392412
vt 0.13982499999999998 0.7629734832392412
vt 0.16861243299568895 0.7700732157355202
vt 0.16433300897387332 0.7813499994671775
vt 0.5617 0.748004250846305
vt 0.562303125 0.7359573758463049
vt 0.5930050800184136 0.7390392781987183
vt 0.5912017368052165 0.7509656737265661
vt 0.577928125 0.6702926241536951
vt 0.577325 0.658245749153695
vt 0.6068267368052165 0.6552843262734339
vt 0.6086300800184135 0.6672107218012817
vt 0.327325 0.7839015167607587
vt 0.3258703125 0.7719280792607588
vt 0.3518330089738733 0.7655250005328225
vt 0.35611243299568895 0.7768017842644797
vt 0.5157071462676418 0.995018539620765
vt 0.5114482160730438 0.9837339999807706
vt 0.5325667397217284 0.9726915167698958
vt 0.5394038689088421 0.9826279641112639
vt 0.074021875 0.5625
vt 0.0746234375 0.574546875
vt 0.052107879137671044 0.5768011315621915
vt 0.05030917674407946 0.5648741141476692
vt 0.0746234375 0.722328125
vt 0.074021875 0.734375
vt 0.05030917674407946 0.7320008858523308
vt 0.052107879137671044 0.7200738684378085
vt 0.5583232160730438 0.3912660000192294
vt 0.5625821462676418 0.37998146037923497
vt 0.5862788689088421 0.39237203588873615
vt 0.5794417397217284 0.40230848323010415
vt 0.16433300897387332 0.7813499994671775
vt 0.16861243299568895 0.7700732157355202
vt 0.19486235194889495 0.7838595950625994
vt 0.18800718229623675 0.7937836048531194
vt 0.5912017368052165 0.7509656737265661
vt 0.5930050800184136 0.7390392781987183
vt 0.6232456931792116 0.7451722611370171
vt 0.6202601667899899 0.7568589026225129
vt 0.6086300800184135 0.6672107218012817
vt 0.6068267368052165 0.6552843262734339
vt 0.6358851667899899 0.6493910973774871
vt 0.6388706931792116 0.6610777388629829
vt 0.35611243299568895 0.7768017842644797
vt 0.3518330089738733 0.7655250005328225
vt 0.3755071822962367 0.7530913951468805
vt 0.38236235194889495 0.7630154049374005
vt 0.5394038689088421 0.9826279641112639
vt 0.5325667397217284 0.9726915167698958
vt 0.5504267534691993 0.9569134184845306
vt 0.5594442751030605 0.9649236385109662
vt 0.05030917674407946 0.5648741141476692
vt 0.052107879137671044 0.5768011315621915
vt 0.029928900732732147 0.5812872164843569
vt 0.0269509542173478 0.5695987217455746
vt 0.052107879137671044 0.7200738684378085
vt 0.05030917674407946 0.7320008858523308
vt 0.02695095421734779 0.7272762782544254
vt 0.029928900732732147 0.7155877835156431
vt 0.5794417397217284 0.40230848323010415
vt 0.5862788689088421 0.39237203588873615
vt 0.6063192751030605 0.4100763614890339
vt 0.5973017534691993 0.4180865815154695
vt 0.18800718229623675 0.7937836048531194
vt 0.19486235194889495 0.7838595950625994
vt 0.21704745069065512 0.8035304845650686
vt 0.20801539160623272 0.8115243090555465
vt 0.6202601667899899 0.7568589026225129
vt 0.6232456931792116 0.7451722611370171
vt 0.6527225314355525 0.7542949893732427
vt 0.6485846797914241 0.765625
vt 0.6388706931792116 0.6610777388629829
vt 0.6358851667899899 0.6493910973774871
vt 0.6642096797914241 0.640625
vt 0.6683475314355525 0.6519550106267573
vt 0.38236235194889495 0.7630154049374005
vt 0.3755071822962367 0.7530913951468805
vt 0.3955153916062327 0.7353506909444534
vt 0.4045474506906551 0.7433445154349314
vt 0.5594442751030605 0.9649236385109662
vt 0.5504267534691993 0.9569134184845306
vt 0.5639891032813853 0.9373177265055674
vt 0.5746623484498838 0.9429356584081616
vt 0.0269509542173478 0.5695987217455746
vt 0.029928900732732147 0.5812872164843569
vt 0.008307166880771558 0.5879604965062506
vt 0.004179604630957595 0.5766268164074945
vt 0.029928900732732154 0.7155877835156431
vt 0.02695095421734779 0.7272762782544254
vt 0.004179604630957595 0.7202481835925055
vt 0.008307166880771572 0.7089145034937494
vt 0.5973017534691993 0.4180865815154694
vt 0.6063192751030605 0.4100763614890339
vt 0.6215373484498838 0.4320643415918384
vt 0.6108641032813853 0.43768227349443256
vt 0.20801539160623272 0.8115243090555465
vt 0.21704745069065512 0.8035304845650686
vt 0.23387692759115325 0.8279413675326222
vt 0.22319349382351372 0.8335398998600739
vt 0.051614833210010105 0.875
vt 0.04862930682078834 0.8633133585145043
vt 0.07886991998158646 0.8571803755762055
vt 0.0806732631947835 0.8691067711040532
vt 0.23612930682078834 0.6523116414854957
vt 0.2391148332100101 0.640625
vt 0.2681732631947835 0.6465182288959468
vt 0.26636991998158643 0.6584446244237945
vt 0.4045474506906551 0.7433445154349314
vt 0.3955153916062327 0.7353506909444534
vt 0.41069349382351367 0.713335100139926
vt 0.4213769275911532 0.7189336324673777
vt 0.5746623484498838 0.9429356584081616
vt 0.5639891032813853 0.9373177265055674
vt 0.5724646872730303 0.9150445823053637
vt 0.5841726516516288 0.9179433564253209
vt 0.5746115457826522 0.4914737217455746
vt 0.5716335992672679 0.5031622164843569
vt 0.549454620862329 0.4986761315621915
vt 0.5512533232559206 0.4867491141476692
vt 0.5247585992672679 0.9030877835156431
vt 0.5277365457826522 0.9147762782544254
vt 0.5043783232559206 0.9195008858523308
vt 0.502579620862329 0.9075738684378085
vt 0.6108641032813853 0.43768227349443256
vt 0.6215373484498838 0.4320643415918384
vt 0.6310476516516288 0.4570566435746791
vt 0.6193396872730303 0.4599554176946363
vt 0.22319349382351372 0.8335398998600739
vt 0.23387692759115325 0.8279413675326222
vt 0.24437158862177638 0.8556719389268852
vt 0.2326583773014903 0.8585494381632683
vt 0.0806732631947835 0.8691067711040532
vt 0.07886991998158646 0.8571803755762055
vt 0.109571875 0.8540984732237921
vt 0.110175 0.866145348223792
vt 0.26636991998158643 0.6584446244237945
vt 0.2681732631947835 0.6465182288959468
vt 0.297675 0.6494796517762079
vt 0.297071875 0.6615265267762079
vt 0.4213769275911532 0.7189336324673777
vt 0.41069349382351367 0.713335100139926
vt 0.4201583773014903 0.6883255618367315
vt 0.4318715886217763 0.6912030610731147
vt 0.5841726516516288 0.9179433564253209
vt 0.5724646872730303 0.9150445823053637
vt 0.575360368237156 0.8913899102865742
vt 0.5874218441522874 0.8914008664614104
vt 0.5512533232559206 0.4867491141476692
vt 0.549454620862329 0.4986761315621915
vt 0.5269390625 0.496421875
vt 0.527540625 0.484375
vt 0.502579620862329 0.9075738684378085
vt 0.5043783232559206 0.9195008858523308
vt 0.480665625 0.921875
vt 0.4800640625 0.909828125
vt 0.6193396872730303 0.4599554176946363
vt 0.6310476516516288 0.4570566435746791
vt 0.6342968441522874 0.48359913353858963
vt 0.622235368237156 0.4836100897134258
vt 0.2326583773014903 0.8585494381632683
vt 0.24437158862177638 0.8556719389268852
vt 0.24792082006741867 0.8851087433754877
vt 0.23585934415228726 0.8850977872006516
vt 0.110175 0.866145348223792
vt 0.109571875 0.8540984732237921
vt 0.14042812500000001 0.8540984732237921
vt 0.139825 0.866145348223792
vt 0.297071875 0.6615265267762079
vt 0.297675 0.6494796517762079
vt 0.327325 0.6494796517762079
vt 0.327928125 0.6615265267762079
vt 0.4318715886217763 0.6912030610731147
vt 0.4201583773014903 0.6883255618367315
vt 0.42335934415228726 0.6617772127993484
vt 0.43542082006741867 0.6617662566245122
vt 0.5874218441522874 0.8914008664614104
vt 0.575360368237156 0.8913899102865742
vt 0.5725076659812043 0.8677300166604104
vt 0.5842208773014903 0.8648525174240272
vt 0.527540625 0.484375
vt 0.5269390625 0.496421875
vt 0.5043109375 0.496421875
vt 0.503709375 0.484375
vt 0.4800640625 0.909828125
vt 0.480665625 0.921875
vt 0.456834375 0.921875
vt 0.4574359375 0.909828125
vt 0.622235368237156 0.4836100897134258
vt 0.6342968441522874 0.48359913353858963
vt 0.6310958773014903 0.5101474825759728
vt 0.6193826659812043 0.5072699833395896
vt 0.23585934415228726 0.8850977872006516
vt 0.24792082006741867 0.8851087433754877
vt 0.24431811603022696 0.9145390512845193
vt 0.23261015165162857 0.9116402771645621
vt 0.139825 0.866145348223792
vt 0.14042812500000001 0.8540984732237921
vt 0.17113008001841354 0.8571803755762055
vt 0.16932673680521648 0.8691067711040532
vt 0.327928125 0.6615265267762079
vt 0.327325 0.6494796517762079
vt 0.3568267368052165 0.6465182288959468
vt 0.35863008001841357 0.6584446244237945
vt 0.43542082006741867 0.6617662566245122
vt 0.42335934415228726 0.6617772127993484
vt 0.4201101516516285 0.6352347228354379
vt 0.4318181160302269 0.6323359487154807
vt 0.5842208773014903 0.8648525174240272
vt 0.5725076659812043 0.8677300166604104
vt 0.5640725600558741 0.8454415114482846
vt 0.5747559938235136 0.8398429791208328
vt 0.503709375 0.484375
vt 0.5043109375 0.496421875
vt 0.48179537913767106 0.4986761315621915
vt 0.4799966767440795 0.4867491141476692
vt 0.4574359375 0.909828125
vt 0.456834375 0.921875
vt 0.4331216767440795 0.9195008858523308
vt 0.43492037913767106 0.9075738684378085
vt 0.6193826659812043 0.5072699833395896
vt 0.6310958773014903 0.5101474825759728
vt 0.6216309938235136 0.5351570208791672
vt 0.6109475600558741 0.5295584885517154
vt 0.23261015165162857 0.9116402771645621
vt 0.24431811603022696 0.9145390512845193
vt 0.23377309361838194 0.9422505110499969
vt 0.2230998484498834 0.9366325791474027
vt 0.16932673680521648 0.8691067711040532
vt 0.17113008001841354 0.8571803755762055
vt 0.20137069317921166 0.8633133585145043
vt 0.19838516678998988 0.875
vt 0.35863008001841357 0.6584446244237945
vt 0.3568267368052165 0.6465182288959468
vt 0.38588516678998985 0.640625
vt 0.38887069317921164 0.6523116414854957
vt 0.4318181160302269 0.6323359487154807
vt 0.4201101516516285 0.6352347228354379
vt 0.4105998484498834 0.6102424208525973
vt 0.4212730936183819 0.604624488950003
vt 0.5747559938235136 0.8398429791208328
vt 0.5640725600558741 0.8454415114482846
vt 0.5505458325218102 0.8258212128067833
vt 0.5595778916062326 0.8178273883163054
vt 0.4799966767440795 0.4867491141476692
vt 0.48179537913767106 0.4986761315621915
vt 0.45961640073273213 0.5031622164843569
vt 0.4566384542173478 0.4914737217455746
vt 0.43492037913767106 0.9075738684378085
vt 0.4331216767440795 0.9195008858523308
vt 0.4097634542173478 0.9147762782544254
vt 0.41274140073273213 0.9030877835156431
vt 0.6109475600558741 0.5295584885517154
vt 0.6216309938235136 0.5351570208791672
vt 0.6064528916062326 0.5571726116836946
vt 0.5974208325218102 0.5491787871932168
vt 0.2230998484498834 0.9366325791474027
vt 0.23377309361838194 0.9422505110499969
vt 0.21689929673692093 0.9666307792766429
vt 0.20788177510305988 0.9586205592502072
vt 0.0076653202085759375 0.546875
vt 0.0035274685644475917 0.5355449893732427
vt 0.03300430682078834 0.5264222611370171
vt 0.035989833210010105 0.5381089026225129
vt 0.4566524685644476 0.6988300106267573
vt 0.4607903202085759 0.6875
vt 0.4891148332100101 0.6962660973774871
vt 0.48612930682078836 0.7079527388629829
vt 0.4212730936183819 0.604624488950003
vt 0.4105998484498834 0.6102424208525973
vt 0.39538177510305983 0.5882544407497928
vt 0.4043992967369209 0.5802442207233571
vt 0.5595778916062326 0.8178273883163054
vt 0.5505458325218102 0.8258212128067833
vt 0.5327145126435785 0.8100106939043982
vt 0.5395696822962367 0.8000866841138782
vt 0.1676953953690424 0.6235018164074945
vt 0.16356783311922843 0.6348354965062506
vt 0.14194609926726784 0.6281622164843569
vt 0.1449240457826522 0.6164737217455746
vt 0.16356783311922843 0.6620395034937494
vt 0.1676953953690424 0.6733731835925055
vt 0.1449240457826522 0.6804012782544254
vt 0.14194609926726784 0.6687127835156431
vt 0.5974208325218102 0.5491787871932168
vt 0.6064528916062326 0.5571726116836946
vt 0.5864446822962367 0.5749133158861218
vt 0.5795895126435785 0.5649893060956018
vt 0.20788177510305988 0.9586205592502072
vt 0.21689929673692093 0.9666307792766429
vt 0.194678498095955 0.9862613321918728
vt 0.18784136890884134 0.9763248848505047
vt 0.035989833210010105 0.5381089026225129
vt 0.03300430682078834 0.5264222611370171
vt 0.06324491998158646 0.5202892781987183
vt 0.0650482631947835 0.5322156737265661
vt 0.48612930682078836 0.7079527388629829
vt 0.4891148332100101 0.6962660973774871
vt 0.5181732631947835 0.7021593262734339
vt 0.5163699199815864 0.7140857218012817
vt 0.4043992967369209 0.5802442207233571
vt 0.39538177510305983 0.5882544407497928
vt 0.3753413689088413 0.5705501151494953
vt 0.38217849809595494 0.5606136678081272
vt 0.5395696822962367 0.8000866841138782
vt 0.5327145126435785 0.8100106939043982
vt 0.5116160849520577 0.7989298624595936
vt 0.5158955089738733 0.7876530787279363
vt 0.1449240457826522 0.6164737217455746
vt 0.14194609926726784 0.6281622164843569
vt 0.11976712086232896 0.6236761315621915
vt 0.12156582325592054 0.6117491141476692
vt 0.14194609926726784 0.6687127835156431
vt 0.1449240457826522 0.6804012782544254
vt 0.12156582325592054 0.6851258858523308
vt 0.11976712086232896 0.6731988684378085
vt 0.5795895126435785 0.5649893060956018
vt 0.5864446822962367 0.5749133158861218
vt 0.5627705089738733 0.5873469212720637
vt 0.5584910849520577 0.5760701375404064
vt 0.18784136890884134 0.9763248848505047
vt 0.194678498095955 0.9862613321918728
vt 0.16840357646223875 1
vt 0.16414464626764091 0.9887154603600056
vt 0.0650482631947835 0.5322156737265661
vt 0.06324491998158646 0.5202892781987183
vt 0.093946875 0.5172073758463049
vt 0.09455 0.529254250846305
vt 0.5163699199815864 0.7140857218012817
vt 0.5181732631947835 0.7021593262734339
vt 0.547675 0.705120749153695
vt 0.547071875 0.7171676241536951
vt 0.38217849809595494 0.5606136678081272
vt 0.3753413689088413 0.5705501151494953
vt 0.35164464626764086 0.5581595396399944
vt 0.3559035764622387 0.546875
vt 0.5158955089738733 0.7876530787279363
vt 0.5116160849520577 0.7989298624595936
vt 0.488478125 0.7932234375
vt 0.4899328125 0.78125
vt 0.12156582325592054 0.6117491141476692
vt 0.11976712086232896 0.6236761315621915
vt 0.0972515625 0.621421875
vt 0.097853125 0.609375
vt 0.11976712086232896 0.6731988684378085
vt 0.12156582325592054 0.6851258858523308
vt 0.097853125 0.6875
vt 0.0972515625 0.675453125
vt 0.5584910849520577 0.5760701375404064
vt 0.5627705089738733 0.5873469212720637
vt 0.5368078125 0.59375
vt 0.535353125 0.5817765625
vt 0.0803796875 0.953125
vt 0.078925 0.9375
vt 0.108575 0.9375
vt 0.10712031250000001 0.953125
vt 0.09455 0.529254250846305
vt 0.093946875 0.5172073758463049
vt 0.124803125 0.5172073758463049
vt 0.1242 0.529254250846305
vt 0.547071875 0.7171676241536951
vt 0.547675 0.705120749153695
vt 0.577325 0.705120749153695
vt 0.577928125 0.7171676241536951
vt 0.110175 1
vt 0.1116296875 0.984375
vt 0.1383703125 0.984375
vt 0.139825 1
vt 0.4899328125 0.78125
vt 0.488478125 0.7932234375
vt 0.464646875 0.7932234375
vt 0.4631921875 0.78125
vt 0.097853125 0.609375
vt 0.0972515625 0.621421875
vt 0.0746234375 0.621421875
vt 0.074021875 0.609375
vt 0.0972515625 0.675453125
vt 0.097853125 0.6875
vt 0.074021875 0.6875
vt 0.0746234375 0.675453125
vt 0.535353125 0.5817765625
vt 0.5368078125 0.59375
vt 0.5100671875 0.59375
vt 0.511521875 0.5817765625
vt 0.0858553537323591 0.9887154603600056
vt 0.08159642353776127 1
vt 0.055321501904045 0.9862613321918728
vt 0.062158631091158656 0.9763248848505047
vt 0.1242 0.529254250846305
vt 0.124803125 0.5172073758463049
vt 0.15550508001841357 0.5202892781987183
vt 0.15370173680521648 0.5322156737265661
vt 0.577928125 0.7171676241536951
vt 0.577325 0.705120749153695
vt 0.6068267368052165 0.7021593262734339
vt 0.6086300800184135 0.7140857218012817
vt 0.2690964235377613 0.546875
vt 0.27335535373235914 0.5581595396399944
vt 0.2496586310911587 0.5705501151494953
vt 0.24282150190404506 0.5606136678081272
vt 0.4631921875 0.78125
vt 0.464646875 0.7932234375
vt 0.44150891504794226 0.7989298624595936
vt 0.4372294910261267 0.7876530787279363
vt 0.074021875 0.609375
vt 0.0746234375 0.621421875
vt 0.052107879137671044 0.6236761315621915
vt 0.05030917674407946 0.6117491141476692
vt 0.0746234375 0.675453125
vt 0.074021875 0.6875
vt 0.05030917674407946 0.6851258858523308
vt 0.052107879137671044 0.6731988684378085
vt 0.511521875 0.5817765625
vt 0.5100671875 0.59375
vt 0.4841044910261267 0.5873469212720637
vt 0.48838391504794226 0.5760701375404064
vt 0.06215863109115864 0.9763248848505047
vt 0.055321501904045 0.9862613321918728
vt 0.033100703263079054 0.9666307792766429
vt 0.0421182248969401 0.9586205592502072
vt 0.15370173680521648 0.5322156737265661
vt 0.15550508001841357 0.5202892781987183
vt 0.18574569317921164 0.5264222611370171
vt 0.1827601667899899 0.5381089026225129
vt 0.6086300800184135 0.7140857218012817
vt 0.6068267368052165 0.7021593262734339
vt 0.6358851667899899 0.6962660973774871
vt 0.6388706931792116 0.7079527388629829
vt 0.24282150190404506 0.5606136678081272
vt 0.2496586310911587 0.5705501151494953
vt 0.22961822489694014 0.5882544407497928
vt 0.22060070326307912 0.5802442207233571
vt 0.4372294910261267 0.7876530787279363
vt 0.44150891504794226 0.7989298624595936
vt 0.4204104873564215 0.8100106939043982
vt 0.4135553177037633 0.8000866841138782
vt 0.05030917674407946 0.6117491141476692
vt 0.052107879137671044 0.6236761315621915
vt 0.029928900732732147 0.6281622164843569
vt 0.0269509542173478 0.6164737217455746
vt 0.052107879137671044 0.6731988684378085
vt 0.05030917674407946 0.6851258858523308
vt 0.02695095421734779 0.6804012782544254
vt 0.029928900732732147 0.6687127835156431
vt 0.4883839150479423 0.5760701375404064
vt 0.4841044910261267 0.5873469212720637
vt 0.4604303177037633 0.5749133158861218
vt 0.4672854873564215 0.5649893060956018
vt 0.0421182248969401 0.9586205592502072
vt 0.033100703263079054 0.9666307792766429
vt 0.016226906381618084 0.9422505110499969
vt 0.02690015155011659 0.9366325791474027
vt 0.1827601667899899 0.5381089026225129
vt 0.18574569317921164 0.5264222611370171
vt 0.21522253143555242 0.5355449893732427
vt 0.21108467979142403 0.546875
vt 0.6388706931792116 0.7079527388629829
vt 0.6358851667899899 0.6962660973774871
vt 0.6642096797914241 0.6875
vt 0.6683475314355525 0.6988300106267573
vt 0.2206007032630791 0.5802442207233571
vt 0.22961822489694014 0.5882544407497928
vt 0.2144001515501166 0.6102424208525973
vt 0.2037269063816181 0.604624488950003
vt 0.4135553177037633 0.8000866841138782
vt 0.4204104873564215 0.8100106939043982
vt 0.4025791674781898 0.8258212128067833
vt 0.39354710839376733 0.8178273883163054
vt 0.0269509542173478 0.6164737217455746
vt 0.029928900732732147 0.6281622164843569
vt 0.008307166880771558 0.6348354965062506
vt 0.004179604630957595 0.6235018164074945
vt 0.029928900732732154 0.6687127835156431
vt 0.02695095421734779 0.6804012782544254
vt 0.004179604630957595 0.6733731835925055
vt 0.008307166880771572 0.6620395034937494
vt 0.4672854873564215 0.5649893060956018
vt 0.4604303177037633 0.5749133158861218
vt 0.44042210839376733 0.5571726116836946
vt 0.4494541674781898 0.5491787871932168
vt 0.02690015155011659 0.9366325791474027
vt 0.016226906381618084 0.9422505110499969
vt 0.005681883969773066 0.9145390512845193
vt 0.017389848348371456 0.9116402771645621
vt 0.051614833210010105 0.921875
vt 0.04862930682078834 0.9101883585145043
vt 0.07886991998158646 0.9040553755762055
vt 0.0806732631947835 0.9159817711040532
vt 0.23612930682078834 0.6991866414854957
vt 0.2391148332100101 0.6875
vt 0.2681732631947835 0.6933932288959468
vt 0.26636991998158643 0.7053196244237945
vt 0.2037269063816181 0.604624488950003
vt 0.2144001515501166 0.6102424208525973
vt 0.20488984834837148 0.6352347228354379
vt 0.1931818839697731 0.6323359487154807
vt 0.39354710839376733 0.8178273883163054
vt 0.4025791674781898 0.8258212128067833
vt 0.38905243994412586 0.8454415114482846
vt 0.37836900617648633 0.8398429791208328
vt 0.1214865457826522 0.4758487217455746
vt 0.11850859926726787 0.4875372164843569
vt 0.09632962086232896 0.4830511315621915
vt 0.09812832325592055 0.4711241141476692
vt 0.35288359926726787 0.5124627835156431
vt 0.3558615457826522 0.5241512782544254
vt 0.3325033232559205 0.5288758858523308
vt 0.33070462086232894 0.5169488684378085
vt 0.4494541674781898 0.5491787871932168
vt 0.44042210839376733 0.5571726116836946
vt 0.4252440061764864 0.5351570208791672
vt 0.43592743994412586 0.5295584885517154
vt 0.017389848348371442 0.9116402771645621
vt 0.005681883969773052 0.9145390512845193
vt 0.002079179932581332 0.8851087433754877
vt 0.014140655847712763 0.8850977872006516
vt 0.0806732631947835 0.9159817711040532
vt 0.07886991998158646 0.9040553755762055
vt 0.109571875 0.9009734732237921
vt 0.110175 0.9130203482237921
vt 0.26636991998158643 0.7053196244237945
vt 0.2681732631947835 0.6933932288959468
vt 0.297675 0.6963546517762079
vt 0.297071875 0.7084015267762079
vt 0.1931818839697731 0.6323359487154807
vt 0.20488984834837148 0.6352347228354379
vt 0.20164065584771276 0.6617772127993484
vt 0.18957917993258133 0.6617662566245122
vt 0.37836900617648633 0.8398429791208328
vt 0.38905243994412586 0.8454415114482846
vt 0.3806173340187957 0.8677300166604104
vt 0.3689041226985097 0.8648525174240272
vt 0.09812832325592055 0.4711241141476692
vt 0.09632962086232896 0.4830511315621915
vt 0.0738140625 0.480796875
vt 0.07441562500000001 0.46875
vt 0.33070462086232894 0.5169488684378085
vt 0.3325033232559205 0.5288758858523308
vt 0.308790625 0.53125
vt 0.3081890625 0.519203125
vt 0.43592743994412586 0.5295584885517154
vt 0.4252440061764864 0.5351570208791672
vt 0.4157791226985097 0.5101474825759728
vt 0.4274923340187957 0.5072699833395896
vt 0.01414065584771275 0.8850977872006516
vt 0.002079179932581318 0.8851087433754877
vt 0.005628411378223647 0.8556719389268852
vt 0.017341622698509696 0.8585494381632683
vt 0.110175 0.9130203482237921
vt 0.109571875 0.9009734732237921
vt 0.14042812500000001 0.9009734732237921
vt 0.139825 0.9130203482237921
vt 0.297071875 0.7084015267762079
vt 0.297675 0.6963546517762079
vt 0.327325 0.6963546517762079
vt 0.327928125 0.7084015267762079
vt 0.18957917993258133 0.6617662566245122
vt 0.20164065584771276 0.6617772127993484
vt 0.2048416226985097 0.6883255618367315
vt 0.19312841137822365 0.6912030610731147
vt 0.3689041226985097 0.8648525174240272
vt 0.3806173340187957 0.8677300166604104
vt 0.377764631762844 0.8913899102865742
vt 0.3657031558477126 0.8914008664614104
vt 0.07441562500000001 0.46875
vt 0.0738140625 0.480796875
vt 0.0511859375 0.480796875
vt 0.050584375 0.46875
vt 0.3081890625 0.519203125
vt 0.308790625 0.53125
vt 0.284959375 0.53125
vt 0.2855609375 0.519203125
vt 0.4274923340187957 0.5072699833395896
vt 0.4157791226985097 0.5101474825759728
vt 0.4125781558477126 0.48359913353858963
vt 0.4246396317628441 0.4836100897134258
vt 0.01734162269850968 0.8585494381632683
vt 0.005628411378223633 0.8556719389268852
vt 0.016123072408846778 0.8279413675326222
vt 0.026806506176486306 0.8335398998600739
vt 0.139825 0.9130203482237921
vt 0.14042812500000001 0.9009734732237921
vt 0.17113008001841354 0.9040553755762055
vt 0.16932673680521648 0.9159817711040532
vt 0.327928125 0.7084015267762079
vt 0.327325 0.6963546517762079
vt 0.3568267368052165 0.6933932288959468
vt 0.35863008001841357 0.7053196244237945
vt 0.19312841137822365 0.6912030610731147
vt 0.2048416226985097 0.6883255618367315
vt 0.21430650617648633 0.713335100139926
vt 0.2036230724088468 0.7189336324673777
vt 0.3657031558477126 0.8914008664614104
vt 0.377764631762844 0.8913899102865742
vt 0.3806603127269696 0.9150445823053637
vt 0.3689523483483712 0.9179433564253209
vt 0.050584375 0.46875
vt 0.0511859375 0.480796875
vt 0.028670379137671044 0.4830511315621915
vt 0.026871676744079462 0.4711241141476692
vt 0.2855609375 0.519203125
vt 0.284959375 0.53125
vt 0.2612466767440795 0.5288758858523308
vt 0.26304537913767106 0.5169488684378085
vt 0.4246396317628441 0.4836100897134258
vt 0.4125781558477126 0.48359913353858963
vt 0.4158273483483712 0.4570566435746791
vt 0.4275353127269696 0.4599554176946363
vt 0.026806506176486306 0.8335398998600739
vt 0.016123072408846778 0.8279413675326222
vt 0.03295254930934487 0.8035304845650686
vt 0.04198460839376729 0.8115243090555465
vt 0.16932673680521648 0.9159817711040532
vt 0.17113008001841354 0.9040553755762055
vt 0.20137069317921166 0.9101883585145043
vt 0.19838516678998988 0.921875
vt 0.35863008001841357 0.7053196244237945
vt 0.3568267368052165 0.6933932288959468
vt 0.38588516678998985 0.6875
vt 0.38887069317921164 0.6991866414854957
vt 0.2036230724088468 0.7189336324673777
vt 0.21430650617648633 0.713335100139926
vt 0.2294846083937673 0.7353506909444534
vt 0.22045254930934488 0.7433445154349314
vt 0.3689523483483712 0.9179433564253209
vt 0.3806603127269696 0.9150445823053637
vt 0.3891358967186147 0.9373177265055674
vt 0.37846265155011616 0.9429356584081616
vt 0.026871676744079462 0.4711241141476692
vt 0.028670379137671044 0.4830511315621915
vt 0.006491400732732147 0.4875372164843569
vt 0.0035134542173477987 0.4758487217455746
vt 0.26304537913767106 0.5169488684378085
vt 0.2612466767440795 0.5288758858523308
vt 0.23788845421734778 0.5241512782544254
vt 0.24086640073273213 0.5124627835156431
vt 0.4275353127269696 0.4599554176946363
vt 0.4158273483483712 0.4570566435746791
vt 0.42533765155011616 0.4320643415918384
vt 0.4360108967186147 0.43768227349443256
vt 0.04198460839376729 0.8115243090555465
vt 0.03295254930934487 0.8035304845650686
vt 0.05513764805110506 0.7838595950625994
vt 0.061992817703763275 0.7937836048531194
vt 0.4451653202085759 0.765625
vt 0.4410274685644476 0.7542949893732427
vt 0.47050430682078836 0.7451722611370171
vt 0.4734898332100101 0.7568589026225129
vt 0.4566524685644476 0.6519550106267573
vt 0.4607903202085759 0.640625
vt 0.4891148332100101 0.6493910973774871
vt 0.48612930682078836 0.6610777388629829
vt 0.22045254930934488 0.7433445154349314
vt 0.2294846083937673 0.7353506909444534
vt 0.24949281770376328 0.7530913951468805
vt 0.24263764805110505 0.7630154049374005
vt 0.37846265155011616 0.9429356584081616
vt 0.3891358967186147 0.9373177265055674
vt 0.4026982465308006 0.9569134184845306
vt 0.3936807248969395 0.9649236385109662
vt 0.1676953953690424 0.5766268164074945
vt 0.16356783311922843 0.5879604965062506
vt 0.14194609926726784 0.5812872164843569
vt 0.1449240457826522 0.5695987217455746
vt 0.16356783311922843 0.7089145034937494
vt 0.1676953953690424 0.7202481835925055
vt 0.1449240457826522 0.7272762782544254
vt 0.14194609926726784 0.7155877835156431
vt 0.4360108967186147 0.43768227349443256
vt 0.42533765155011616 0.4320643415918384
vt 0.4405557248969395 0.4100763614890339
vt 0.44957324653080066 0.4180865815154694
vt 0.061992817703763275 0.7937836048531194
vt 0.05513764805110506 0.7838595950625994
vt 0.08138756700431107 0.7700732157355202
vt 0.08566699102612667 0.7813499994671775
vt 0.4734898332100101 0.7568589026225129
vt 0.47050430682078836 0.7451722611370171
vt 0.5007449199815864 0.7390392781987183
vt 0.5025482631947835 0.7509656737265661
vt 0.48612930682078836 0.6610777388629829
vt 0.4891148332100101 0.6493910973774871
vt 0.5181732631947835 0.6552843262734339
vt 0.5163699199815864 0.6672107218012817
vt 0.24263764805110505 0.7630154049374005
vt 0.24949281770376328 0.7530913951468805
vt 0.2731669910261267 0.7655250005328225
vt 0.26888756700431105 0.7768017842644797
vt 0.3936807248969395 0.9649236385109662
vt 0.4026982465308006 0.9569134184845306
vt 0.4205582602782716 0.9726915167698958
vt 0.4137211310911579 0.9826279641112639
vt 0.1449240457826522 0.5695987217455746
vt 0.14194609926726784 0.5812872164843569
vt 0.11976712086232896 0.5768011315621915
vt 0.12156582325592054 0.5648741141476692
vt 0.14194609926726784 0.7155877835156431
vt 0.1449240457826522 0.7272762782544254
vt 0.12156582325592054 0.7320008858523308
vt 0.11976712086232896 0.7200738684378085
vt 0.44957324653080066 0.4180865815154695
vt 0.4405557248969395 0.4100763614890339
vt 0.46059613109115793 0.39237203588873615
vt 0.46743326027827165 0.40230848323010415
vt 0.08566699102612667 0.7813499994671775
vt 0.08138756700431107 0.7700732157355202
vt 0.110175 0.7629734832392412
vt 0.1116296875 0.7749469207392412
vt 0.5025482631947835 0.7509656737265661
vt 0.5007449199815864 0.7390392781987183
vt 0.531446875 0.7359573758463049
vt 0.53205 0.748004250846305
vt 0.5163699199815864 0.6672107218012817
vt 0.5181732631947835 0.6552843262734339
vt 0.547675 0.658245749153695
vt 0.547071875 0.6702926241536951
vt 0.26888756700431105 0.7768017842644797
vt 0.2731669910261267 0.7655250005328225
vt 0.2991296875 0.7719280792607588
vt 0.297675 0.7839015167607587
vt 0.4137211310911579 0.9826279641112639
vt 0.4205582602782716 0.9726915167698958
vt 0.4416767839269562 0.9837339999807706
vt 0.4374178537323582 0.995018539620765
vt 0.12156582325592054 0.5648741141476692
vt 0.11976712086232896 0.5768011315621915
vt 0.0972515625 0.574546875
vt 0.097853125 0.5625
vt 0.11976712086232896 0.7200738684378085
vt 0.12156582325592054 0.7320008858523308
vt 0.097853125 0.734375
vt 0.0972515625 0.722328125
vt 0.46743326027827165 0.40230848323010415
vt 0.46059613109115793 0.39237203588873615
vt 0.4842928537323582 0.37998146037923497
vt 0.4885517839269562 0.3912660000192294
vt 0.1116296875 0.7749469207392412
vt 0.110175 0.7629734832392412
vt 0.13982499999999998 0.7629734832392412
vt 0.13837031249999998 0.7749469207392412
vt 0.53205 0.748004250846305
vt 0.531446875 0.7359573758463049
vt 0.562303125 0.7359573758463049
vt 0.5617 0.748004250846305
vt 0.547071875 0.6702926241536951
vt 0.547675 0.658245749153695
vt 0.577325 0.658245749153695
vt 0.577928125 0.6702926241536951
vt 0.297675 0.7839015167607587
vt 0.2991296875 0.7719280792607588
vt 0.3258703125 0.7719280792607588
vt 0.327325 0.7839015167607587
vt 0.1539953125 0.953125
vt 0.15254062499999999 0.96875
vt 0.12870937500000001 0.96875
vt 0.1272546875 0.953125
vt 0.097853125 0.5625
vt 0.0972515625 0.574546875
vt 0.0746234375 0.574546875
vt 0.074021875 0.5625
vt 0.0972515625 0.722328125
vt 0.097853125 0.734375
vt 0.074021875 0.734375
vt 0.0746234375 0.722328125
vt 0.105665625 0.8125
vt 0.10712031250000001 0.828125
vt 0.0803796875 0.828125
vt 0.081834375 0.8125
vn 0.06894701183719866 0.9959652628873091 0.05744131510102031
vn 0.3572173888352139 0.8853397502247459 0.2976058866785675
vn 0.35721738883521376 -0.885339750224746 0.2976058866785676
vn 0.06894701183719873 -0.995965262887309 0.05744131510102035
vn -0.06894701183719842 -0.995965262887309 -0.05744131510102014
vn -0.3572173888352136 -0.8853397502247459 -0.29760588667856785
vn -0.3572173888352136 0.8853397502247459 -0.2976058866785677
vn -0.06894701183719858 0.995965262887309 -0.05744131510102023
vn 0.08177001074230447 0.9959444829175401 0.03752668769445359
vn 0.423425643632471 0.8848443070036931 0.19432260979510915
vn 0.4234256436324707 -0.8848443070036931 0.19432260979510926
vn 0.08177001074230461 -0.9959444829175402 0.03752668769445356
vn -0.08177001074230437 -0.9959444829175402 -0.037526687694453456
vn -0.42342564363247104 -0.8848443070036929 -0.19432260979510893
vn -0.4234256436324709 0.884844307003693 -0.19432260979510899
vn -0.0817700107423045 0.9959444829175402 -0.03752668769445351
vn 0.08901941999117972 0.9959160990527463 0.015055447917437768
vn 0.4606261547190877 0.8841688611658546 0.07790359769216648
vn 0.4606261547190875 -0.8841688611658547 0.07790359769216634
vn 0.0890194199911798 -0.9959160990527461 0.015055447917437806
vn -0.08901941999117978 -0.9959160990527461 -0.015055447917437799
vn -0.46062615471908636 -0.8841688611658552 -0.07790359769216643
vn -0.4606261547190863 0.8841688611658554 -0.07790359769216623
vn -0.08901941999117993 0.9959160990527461 -0.015055447917437837
vn 0.09020206264366767 0.995887717614587 -0.008440485722782075
vn 0.46640321922047384 0.8834949597748549 -0.043642790392070474
vn 0.4664032192204738 -0.8834949597748551 -0.04364279039207059
vn 0.09020206264366773 -0.9958877176145872 -0.008440485722782063
vn -0.09020206264366763 -0.995887717614587 0.008440485722782047
vn -0.4664032192204739 -0.8834949597748549 0.043642790392070474
vn -0.4664032192204738 0.8834949597748549 0.0436427903920705
vn -0.09020206264366781 0.9958877176145872 0.008440485722782063
vn 0.0852383424665531 0.995866942498088 -0.03136013094782613
vn 0.4405011385700456 0.8830026054632151 -0.16206525125290536
vn 0.4405011385700456 -0.8830026054632152 -0.1620652512529054
vn 0.0852383424665532 -0.995866942498088 -0.03136013094782611
vn -0.08523834246655303 -0.995866942498088 0.0313601309478261
vn -0.44050113857004575 -0.883002605463215 0.16206525125290566
vn -0.4405011385700456 0.8830026054632151 0.1620652512529055
vn -0.08523834246655321 0.995866942498088 0.031360130947826116
vn 0.07446708321552543 0.995859338602717 -0.05214241301600061
vn 0.38476109738589825 0.882822596953869 -0.26941262079944595
vn 0.38476109738589814 -0.8828225969538692 -0.26941262079944583
vn 0.07446708321552549 -0.9958593386027171 -0.0521424130160007
vn -0.0744670832155252 -0.995859338602717 0.05214241301600042
vn -0.38476109738589825 -0.882822596953869 0.26941262079944583
vn -0.38476109738589814 0.8828225969538691 0.2694126207994458
vn -0.07446708321552534 0.9958593386027171 0.05214241301600059
vn 0.058622113745804914 0.995866942498088 -0.06937204494235484
vn 0.30295178323701644 0.8830026054632151 -0.3585060889004334
vn 0.3029517832370163 -0.8830026054632152 -0.3585060889004332
vn 0.058622113745804956 -0.9958669424980878 -0.06937204494235491
vn -0.058622113745804866 -0.9958669424980879 0.0693720449423548
vn -0.30295178323701655 -0.8830026054632152 0.35850608890043323
vn -0.3029517832370164 0.8830026054632153 0.35850608890043323
vn -0.058622113745804984 0.9958669424980878 0.06937204494235492
vn 0.03878238454320536 0.995887717614587 -0.08187539650927861
vn 0.20053010396727455 0.883494959774855 -0.42334894998724315
vn 0.20053010396727453 -0.8834949597748553 -0.42334894998724293
vn 0.03878238454320535 -0.9958877176145872 -0.0818753965092787
vn -0.03878238454320529 -0.995887717614587 0.08187539650927853
vn -0.2005301039672746 -0.883494959774855 0.4233489499872434
vn -0.20053010396727453 0.883494959774855 0.42334894998724326
vn -0.03878238454320535 0.9958877176145872 0.08187539650927869
vn 0.016298941473508393 0.9959160990527463 -0.08880015852690741
vn 0.08433798757257116 0.884168861165855 -0.45949159817877416
vn 0.08433798757257124 -0.8841688611658549 -0.459491598178774
vn 0.016298941473508362 -0.9959160990527461 -0.08880015852690751
vn -0.01629894147350837 -0.9959160990527461 0.0888001585269074
vn -0.08433798757257119 -0.8841688611658549 0.45949159817877416
vn -0.08433798757257108 0.884168861165855 0.45949159817877405
vn -0.016298941473508393 0.9959160990527461 0.08880015852690758
vn -0.007296560715190881 0.9959444829175403 -0.08967355879992236
vn -0.03778342315338226 0.8848443070036923 -0.4643521996264992
vn -0.03778342315338246 -0.8848443070036925 -0.464352199626499
vn -0.00729656071519081 -0.9959444829175402 -0.08967355879992245
vn 0.0072965607151908255 -0.9959444829175403 0.08967355879992249
vn 0.03778342315338229 -0.8848443070036924 0.46435219962649876
vn 0.03778342315338204 0.8848443070036925 0.4643521996264986
vn 0.007296560715190817 0.9959444829175402 0.08967355879992264
vn -0.030395913058231673 0.9959652628873091 -0.08443508507232007
vn -0.15748251308645647 0.8853397502247455 -0.4374617523212282
vn -0.1574825130864566 -0.8853397502247454 -0.4374617523212281
vn -0.03039591305823167 -0.995965262887309 -0.08443508507232016
vn 0.03039591305823162 -0.995965262887309 0.08443508507231992
vn 0.1574825130864569 -0.8853397502247453 0.437461752321228
vn 0.1574825130864567 0.8853397502247454 0.43746175232122797
vn 0.030395913058231635 0.995965262887309 0.08443508507232007
vn -0.0514240746478977 0.9959728692093149 -0.07344118970695282
vn -0.2664829096070532 0.885521303196667 -0.38057703618615213
vn -0.26648290960705306 -0.8855213031966671 -0.380577036186152
vn -0.05142407464789775 -0.9959728692093149 -0.07344118970695288
vn 0.05142407464789753 -0.9959728692093148 0.07344118970695257
vn 0.26648290960705323 -0.885521303196667 0.3805770361861522
vn 0.26648290960705306 0.8855213031966671 0.380577036186152
vn 0.05142407464789764 0.9959728692093149 0.07344118970695272
vn -0.06894701183719865 0.9959652628873091 -0.057441315101020324
vn -0.3572173888352138 0.8853397502247459 -0.2976058866785676
vn -0.3572173888352135 -0.8853397502247461 -0.2976058866785676
vn -0.06894701183719874 -0.995965262887309 -0.05744131510102032
vn 0.06894701183719841 -0.995965262887309 0.05744131510102016
vn 0.3572173888352134 -0.885339750224746 0.29760588667856797
vn 0.3572173888352134 0.885339750224746 0.2976058866785677
vn 0.06894701183719859 0.995965262887309 0.0574413151010202
vn -0.08177001074230436 0.9959444829175401 -0.037526687694453525
vn -0.4234256436324712 0.8848443070036928 -0.1943226097951093
vn -0.4234256436324709 -0.8848443070036929 -0.19432260979510935
vn -0.08177001074230447 -0.9959444829175402 -0.03752668769445354
vn 0.08177001074230447 -0.9959444829175402 0.0375266876944535
vn 0.42342564363247104 -0.8848443070036929 0.19432260979510907
vn 0.42342564363247087 0.884844307003693 0.19432260979510893
vn 0.08177001074230458 0.9959444829175401 0.037526687694453595
vn -0.08901941999117975 0.9959160990527463 -0.015055447917437816
vn -0.4606261547190877 0.8841688611658546 -0.07790359769216665
vn -0.4606261547190875 -0.8841688611658547 -0.07790359769216654
vn -0.08901941999117984 -0.9959160990527461 -0.015055447917437827
vn 0.08901941999117977 -0.9959160990527461 0.015055447917437847
vn 0.46062615471908674 -0.8841688611658551 0.07790359769216662
vn 0.46062615471908663 0.8841688611658551 0.07790359769216657
vn 0.08901941999117995 0.9959160990527461 0.015055447917437834
vn -0.0902020626436676 0.995887717614587 0.00844048572278204
vn -0.46640321922047384 0.883494959774855 0.04364279039207025
vn -0.4664032192204737 -0.883494959774855 0.04364279039207036
vn -0.09020206264366772 -0.9958877176145872 0.008440485722781993
vn 0.09020206264366773 -0.995887717614587 -0.008440485722782054
vn 0.4664032192204739 -0.883494959774855 -0.0436427903920702
vn 0.4664032192204738 0.8834949597748551 -0.04364279039207045
vn 0.09020206264366791 0.9958877176145869 -0.008440485722782012
vn -0.08523834246655311 0.995866942498088 0.031360130947826075
vn -0.4405011385700456 0.8830026054632152 0.16206525125290522
vn -0.44050113857004547 -0.8830026054632153 0.1620652512529052
vn -0.08523834246655322 -0.995866942498088 0.03136013094782609
vn 0.08523834246655301 -0.9958669424980879 -0.03136013094782605
vn 0.44050113857004675 -0.8830026054632144 -0.16206525125290608
vn 0.44050113857004664 0.8830026054632144 -0.1620652512529056
vn 0.08523834246655318 0.995866942498088 -0.03136013094782606
vn -0.07446708321552543 0.995859338602717 0.0521424130160006
vn -0.3847610973858981 0.882822596953869 0.26941262079944583
vn -0.3847610973858981 -0.882822596953869 0.26941262079944583
vn -0.07446708321552549 -0.9958593386027171 0.0521424130160007
vn 0.07446708321552521 -0.995859338602717 -0.05214241301600043
vn 0.38476109738589825 -0.882822596953869 -0.26941262079944583
vn 0.38476109738589814 0.8828225969538691 -0.2694126207994457
vn 0.07446708321552534 0.9958593386027171 -0.05214241301600059
vn -0.058622113745804914 0.995866942498088 0.06937204494235485
vn -0.3029517832370164 0.8830026054632151 0.3585060889004333
vn -0.30295178323701627 -0.8830026054632152 0.3585060889004332
vn -0.058622113745804956 -0.9958669424980878 0.06937204494235491
vn 0.05862211374580487 -0.995866942498088 -0.06937204494235483
vn 0.30295178323701644 -0.8830026054632151 -0.3585060889004333
vn 0.3029517832370164 0.8830026054632152 -0.3585060889004333
vn 0.05862211374580496 0.9958669424980878 -0.06937204494235492
vn -0.0387823845432053 0.995887717614587 0.08187539650927858
vn -0.20053010396727436 0.883494959774855 0.42334894998724315
vn -0.20053010396727433 -0.8834949597748553 0.4233489499872431
vn -0.03878238454320534 -0.9958877176145872 0.0818753965092787
vn 0.038782384543205255 -0.995887717614587 -0.08187539650927854
vn 0.20053010396727444 -0.883494959774855 -0.42334894998724315
vn 0.20053010396727433 0.8834949597748554 -0.42334894998724315
vn 0.038782384543205324 0.9958877176145872 -0.0818753965092787
vn -0.016298941473508393 0.9959160990527463 0.08880015852690741
vn -0.08433798757257116 0.884168861165855 0.45949159817877416
vn -0.08433798757257124 -0.8841688611658549 0.459491598178774
vn -0.016298941473508362 -0.9959160990527461 0.08880015852690751
vn 0.016298941473508403 -0.9959160990527461 -0.0888001585269074
vn 0.08433798757257119 -0.8841688611658549 -0.45949159817877416
vn 0.08433798757257124 0.884168861165855 -0.45949159817877405
vn 0.016298941473508393 0.9959160990527461 -0.08880015852690758
vn 0.007296560715190853 0.9959444829175403 0.08967355879992238
vn 0.03778342315338179 0.8848443070036923 0.4643521996264991
vn 0.03778342315338229 -0.8848443070036924 0.46435219962649904
vn 0.0072965607151907474 -0.9959444829175402 0.08967355879992243
vn -0.007296560715190824 -0.9959444829175402 -0.08967355879992257
vn -0.03778342315338168 -0.8848443070036931 -0.46435219962649776
vn -0.0377834231533819 0.8848443070036931 -0.46435219962649765
vn -0.007296560715190768 0.9959444829175401 -0.08967355879992274
vn 0.030395913058231618 0.9959652628873091 0.08443508507232009
vn 0.15748251308645603 0.885339750224746 0.43746175232122697
vn 0.15748251308645592 -0.8853397502247461 0.4374617523212269
vn 0.030395913058231618 -0.995965262887309 0.08443508507232017
vn -0.03039591305823156 -0.995965262887309 -0.08443508507231992
vn -0.1574825130864571 -0.8853397502247449 -0.43746175232122897
vn -0.15748251308645667 0.885339750224745 -0.4374617523212289
vn -0.030395913058231597 0.995965262887309 -0.08443508507232009
vn 0.0514240746478977 0.9959728692093149 0.0734411897069528
vn 0.26648290960705323 0.8855213031966671 0.3805770361861522
vn 0.26648290960705306 -0.8855213031966671 0.380577036186152
vn 0.051424074647897756 -0.9959728692093149 0.07344118970695289
vn -0.05142407464789753 -0.9959728692093148 -0.07344118970695257
vn -0.2664829096070532 -0.885521303196667 -0.38057703618615213
vn -0.26648290960705306 0.8855213031966671 -0.38057703618615196
vn -0.05142407464789764 0.9959728692093149 -0.07344118970695272
usemtl m_a818bd0d-43f7-590e-97fd-130de72355b5
f 51/241/73 52/242/73 60/243/73 59/244/73
f 52/245/74 53/246/74 61/247/74 60/248/74
f 53/249/75 54/250/75 62/251/75 61/252/75
f 54/253/76 55/254/76 63/255/76 62/256/76
f 55/257/77 56/258/77 64/259/77 63/260/77
f 56/261/78 57/262/78 65/263/78 64/264/78
f 57/265/79 58/266/79 66/267/79 65/268/79
f 58/269/80 51/270/80 59/271/80 66/272/80
f 59/273/81 60/274/81 68/275/81 67/276/81
f 60/277/82 61/278/82 69/279/82 68/280/82
f 61/281/83 62/282/83 70/283/83 69/284/83
f 62/285/84 63/286/84 71/287/84 70/288/84
f 63/289/85 64/290/85 72/291/85 71/292/85
f 64/293/86 65/294/86 73/295/86 72/296/86
f 65/297/87 66/298/87 74/299/87 73/300/87
f 66/301/88 59/302/88 67/303/88 74/304/88
f 67/305/89 68/306/89 76/307/89 75/308/89
f 68/309/90 69/310/90 77/311/90 76/312/90
f 69/313/91 70/314/91 78/315/91 77/316/91
f 70/317/92 71/318/92 79/319/92 78/320/92
f 71/321/93 72/322/93 80/323/93 79/324/93
f 72/325/94 73/326/94 81/327/94 80/328/94
f 73/329/95 74/330/95 82/331/95 81/332/95
f 74/333/96 67/334/96 75/335/96 82/336/96
f 75/337/97 76/338/97 84/339/97 83/340/97
f 76/341/98 77/342/98 85/343/98 84/344/98
f 77/345/99 78/346/99 86/347/99 85/348/99
f 78/349/100 79/350/100 87/351/100 86/352/100
f 79/353/101 80/354/101 88/355/101 87/356/101
f 80/357/102 81/358/102 89/359/102 88/360/102
f 81/361/103 82/362/103 90/363/103 89/364/103
f 82/365/104 75/366/104 83/367/104 90/368/104
f 83/369/105 84/370/105 92/371/105 91/372/105
f 84/373/106 85/374/106 93/375/106 92/376/106
f 85/377/107 86/378/107 94/379/107 93/380/107
f 86/381/108 87/382/108 95/383/108 94/384/108
f 87/385/109 88/386/109 96/387/109 95/388/109
f 88/389/110 89/390/110 97/391/110 96/392/110
f 89/393/111 90/394/111 98/395/111 97/396/111
f 90/397/112 83/398/112 91/399/112 98/400/112
f 91/401/113 92/402/113 100/403/113 99/404/113
f 92/405/114 93/406/114 101/407/114 100/408/114
f 93/409/115 94/410/115 102/411/115 101/412/115
f 94/413/116 95/414/116 103/415/116 102/416/116
f 95/417/117 96/418/117 104/419/117 103/420/117
f 96/421/118 97/422/118 105/423/118 104/424/118
f 97/425/119 98/426/119 106/427/119 105/428/119
f 98/429/120 91/430/120 99/431/120 106/432/120
f 99/433/121 100/434/121 108/435/121 107/436/121
f 100/437/122 101/438/122 109/439/122 108/440/122
f 101/441/123 102/442/123 110/443/123 109/444/123
f 102/445/124 103/446/124 111/447/124 110/448/124
f 103/449/125 104/450/125 112/451/125 111/452/125
f 104/453/126 105/454/126 113/455/126 112/456/126
f 105/457/127 106/458/127 114/459/127 113/460/127
f 106/461/128 99/462/128 107/463/128 114/464/128
f 107/465/129 108/466/129 116/467/129 115/468/129
f 108/469/130 109/470/130 117/471/130 116/472/130
f 109/473/131 110/474/131 118/475/131 117/476/131
f 110/477/132 111/478/132 119/479/132 118/480/132
f 111/481/133 112/482/133 120/483/133 119/484/133
f 112/485/134 113/486/134 121/487/134 120/488/134
f 113/489/135 114/490/135 122/491/135 121/492/135
f 114/493/136 107/494/136 115/495/136 122/496/136
f 115/497/137 116/498/137 124/499/137 123/500/137
f 116/501/138 117/502/138 125/503/138 124/504/138
f 117/505/139 118/506/139 126/507/139 125/508/139
f 118/509/140 119/510/140 127/511/140 126/512/140
f 119/513/141 120/514/141 128/515/141 127/516/141
f 120/517/142 121/518/142 129/519/142 128/520/142
f 121/521/143 122/522/143 130/523/143 129/524/143
f 122/525/144 115/526/144 123/527/144 130/528/144
f 123/529/145 124/530/145 132/531/145 131/532/145
f 124/533/146 125/534/146 133/535/146 132/536/146
f 125/537/147 126/538/147 134/539/147 133/540/147
f 126/541/148 127/542/148 135/543/148 134/544/148
f 127/545/149 128/546/149 136/547/149 135/548/149
f 128/549/150 129/550/150 137/551/150 136/552/150
f 129/553/151 130/554/151 138/555/151 137/556/151
f 130/557/152 123/558/152 131/559/152 138/560/152
f 131/561/153 132/562/153 140/563/153 139/564/153
f 132/565/154 133/566/154 141/567/154 140/568/154
f 133/569/155 134/570/155 142/571/155 141/572/155
f 134/573/156 135/574/156 143/575/156 142/576/156
f 135/577/157 136/578/157 144/579/157 143/580/157
f 136/581/158 137/582/158 145/583/158 144/584/158
f 137/585/159 138/586/159 146/587/159 145/588/159
f 138/589/160 131/590/160 139/591/160 146/592/160
f 139/593/161 140/594/161 148/595/161 147/596/161
f 140/597/162 141/598/162 149/599/162 148/600/162
f 141/601/163 142/602/163 150/603/163 149/604/163
f 142/605/164 143/606/164 151/607/164 150/608/164
f 143/609/165 144/610/165 152/611/165 151/612/165
f 144/613/166 145/614/166 153/615/166 152/616/166
f 145/617/167 146/618/167 154/619/167 153/620/167
f 146/621/168 139/622/168 147/623/168 154/624/168
f 147/625/169 148/626/169 156/627/169 155/628/169
f 148/629/170 149/630/170 157/631/170 156/632/170
f 149/633/171 150/634/171 158/635/171 157/636/171
f 150/637/172 151/638/172 159/639/172 158/640/172
f 151/641/173 152/642/173 160/643/173 159/644/173
f 152/645/174 153/646/174 161/647/174 160/648/174
f 153/649/175 154/650/175 162/651/175 161/652/175
f 154/653/176 147/654/176 155/655/176 162/656/176
f 155/657/177 156/658/177 164/659/177 163/660/177
f 156/661/178 157/662/178 165/663/178 164/664/178
f 157/665/179 158/666/179 166/667/179 165/668/179
f 158/669/180 159/670/180 167/671/180 166/672/180
f 159/673/181 160/674/181 168/675/181 167/676/181
f 160/677/182 161/678/182 169/679/182 168/680/182
f 161/681/183 162/682/183 170/683/183 169/684/183
f 162/685/184 155/686/184 163/687/184 170/688/184
f 163/689/185 164/690/185 172/691/185 171/692/185
f 164/693/186 165/694/186 173/695/186 172/696/186
f 165/697/187 166/698/187 174/699/187 173/700/187
f 166/701/188 167/702/188 175/703/188 174/704/188
f 167/705/189 168/706/189 176/707/189 175/708/189
f 168/709/190 169/710/190 177/711/190 176/712/190
f 169/713/191 170/714/191 178/715/191 177/716/191
f 170/717/192 163/718/192 171/719/192 178/720/192
f 171/721/193 172/722/193 180/723/193 179/724/193
f 172/725/194 173/726/194 181/727/194 180/728/194
f 173/729/195 174/730/195 182/731/195 181/732/195
f 174/733/196 175/734/196 183/735/196 182/736/196
f 175/737/197 176/738/197 184/739/197 183/740/197
f 176/741/198 177/742/198 185/743/198 184/744/198
f 177/745/199 178/746/199 186/747/199 185/748/199
f 178/749/200 171/750/200 179/751/200 186/752/200
f 179/753/201 180/754/201 188/755/201 187/756/201
f 180/757/202 181/758/202 189/759/202 188/760/202
f 181/761/203 182/762/203 190/763/203 189/764/203
f 182/765/204 183/766/204 191/767/204 190/768/204
f 183/769/205 184/770/205 192/771/205 191/772/205
f 184/773/206 185/774/206 193/775/206 192/776/206
f 185/777/207 186/778/207 194/779/207 193/780/207
f 186/781/208 179/782/208 187/783/208 194/784/208
f 187/785/209 188/786/209 196/787/209 195/788/209
f 188/789/210 189/790/210 197/791/210 196/792/210
f 189/793/211 190/794/211 198/795/211 197/796/211
f 190/797/212 191/798/212 199/799/212 198/800/212
f 191/801/213 192/802/213 200/803/213 199/804/213
f 192/805/214 193/806/214 201/807/214 200/808/214
f 193/809/215 194/810/215 202/811/215 201/812/215
f 194/813/216 187/814/216 195/815/216 202/816/216
f 195/817/217 196/818/217 204/819/217 203/820/217
f 196/821/218 197/822/218 205/823/218 204/824/218
f 197/825/219 198/826/219 206/827/219 205/828/219
f 198/829/220 199/830/220 207/831/220 206/832/220
f 199/833/221 200/834/221 208/835/221 207/836/221
f 200/837/222 201/838/222 209/839/222 208/840/222
f 201/841/223 202/842/223 210/843/223 209/844/223
f 202/845/224 195/846/224 203/847/224 210/848/224
f 203/849/225 204/850/225 212/851/225 211/852/225
f 204/853/226 205/854/226 213/855/226 212/856/226
f 205/857/227 206/858/227 214/859/227 213/860/227
f 206/861/228 207/862/228 215/863/228 214/864/228
f 207/865/229 208/866/229 216/867/229 215/868/229
f 208/869/230 209/870/230 217/871/230 216/872/230
f 209/873/231 210/874/231 218/875/231 217/876/231
f 210/877/232 203/878/232 211/879/232 218/880/232
f 211/881/233 212/882/233 220/883/233 219/884/233
f 212/885/234 213/886/234 221/887/234 220/888/234
f 213/889/235 214/890/235 222/891/235 221/892/235
f 214/893/236 215/894/236 223/895/236 222/896/236
f 215/897/237 216/898/237 224/899/237 223/900/237
f 216/901/238 217/902/238 225/903/238 224/904/238
f 217/905/239 218/906/239 226/907/239 225/908/239
f 218/909/240 211/910/240 219/911/240 226/912/240
f 219/913/241 220/914/241 228/915/241 227/916/241
f 220/917/242 221/918/242 229/919/242 228/920/242
f 221/921/243 222/922/243 230/923/243 229/924/243
f 222/925/244 223/926/244 231/927/244 230/928/244
f 223/929/245 224/930/245 232/931/245 231/932/245
f 224/933/246 225/934/246 233/935/246 232/936/246
f 225/937/247 226/938/247 234/939/247 233/940/247
f 226/941/248 219/942/248 227/943/248 234/944/248
f 227/945/249 228/946/249 236/947/249 235/948/249
f 228/949/250 229/950/250 237/951/250 236/952/250
f 229/953/251 230/954/251 238/955/251 237/956/251
f 230/957/252 231/958/252 239/959/252 238/960/252
f 231/961/253 232/962/253 240/963/253 239/964/253
f 232/965/254 233/966/254 241/967/254 240/968/254
f 233/969/255 234/970/255 242/971/255 241/972/255
f 234/973/256 227/974/256 235/975/256 242/976/256
f 235/977/257 236/978/257 52/979/257 51/980/257
f 236/981/258 237/982/258 53/983/258 52/984/258
f 237/985/259 238/986/259 54/987/259 53/988/259
f 238/989/260 239/990/260 55/991/260 54/992/260
f 239/993/261 240/994/261 56/995/261 55/996/261
f 240/997/262 241/998/262 57/999/262 56/1000/262
f 241/1001/263 242/1002/263 58/1003/263 57/1004/263
f 242/1005/264 235/1006/264 51/1007/264 58/1008/264
o torus
v 0.05063135636381932 0.4974143100362596 0.39000000000000007
v 0.05613932181390075 0.49359518454863294 0.4324264068711928
v 0.05842079580440691 0.484375 0.45000000000000007
v 0.05613932181390075 0.47515481545136706 0.4324264068711928
v 0.05063135636381932 0.4713356899637404 0.39000000000000007
v 0.04512339091373789 0.47515481545136706 0.3475735931288072
v 0.042841916923231735 0.484375 0.32999999999999996
v 0.04512339091373789 0.49359518454863294 0.3475735931288072
v 0.14844362582753626 0.4974143100362596 0.36342214450547333
v 0.16459216343470076 0.49359518454863294 0.4029572618613467
v 0.17128110672408028 0.484375 0.4193332436601615
v 0.16459216343470076 0.47515481545136706 0.4029572618613467
v 0.14844362582753626 0.4713356899637404 0.36342214450547333
v 0.13229508822037173 0.47515481545136706 0.3238870271495999
v 0.1256061449309922 0.484375 0.3075110453507851
v 0.13229508822037173 0.49359518454863294 0.3238870271495999
v 0.23613970750579713 0.4974143100362596 0.3120776704463889
v 0.2618283211188367 0.49359518454863294 0.3460272453740108
v 0.2724688932759198 0.484375 0.36008961974583337
v 0.2618283211188367 0.47515481545136706 0.3460272453740108
v 0.23613970750579713 0.4713356899637404 0.3120776704463889
v 0.2104510938927576 0.47515481545136706 0.27812809551876705
v 0.19981052173567448 0.484375 0.26406572114694443
v 0.2104510938927576 0.49359518454863294 0.27812809551876705
v 0.30774325835685573 0.4974143100362596 0.2394656188791182
v 0.34122131141048284 0.49359518454863294 0.26551604395149636
v 0.35508837502714125 0.484375 0.2763064833220595
v 0.34122131141048284 0.47515481545136706 0.26551604395149636
v 0.30774325835685573 0.4713356899637404 0.2394656188791182
v 0.2742652053032286 0.47515481545136706 0.2134151938067401
v 0.2603981416865702 0.484375 0.20262475443617697
v 0.2742652053032286 0.49359518454863294 0.2134151938067401
v 0.35837461472067506 0.4974143100362596 0.15053438112088185
v 0.3973606332243836 0.49359518454863294 0.16691036291969658
v 0.41350917083154815 0.484375 0.1736935166779406
v 0.3973606332243836 0.47515481545136706 0.16691036291969658
v 0.35837461472067506 0.4713356899637404 0.15053438112088185
v 0.3193885962169665 0.47515481545136706 0.1341583993220671
v 0.30324005860980197 0.484375 0.1273752455638231
v 0.3193885962169665 0.49359518454863294 0.1341583993220671
v 0.3845833333333334 0.4974143100362596 0.05134447405908443
v 0.42642048455353737 0.49359518454863294 0.05693001648733603
v 0.44375000000000003 0.484375 0.0592436239143282
v 0.42642048455353737 0.47515481545136706 0.05693001648733603
v 0.3845833333333334 0.4713356899637404 0.05134447405908443
v 0.3427461821131293 0.47515481545136706 0.04575893163083284
v 0.32541666666666663 0.484375 0.043445324203840674
v 0.3427461821131293 0.49359518454863294 0.04575893163083284
v 0.3845833333333334 0.4974143100362596 -0.05134447405908431
v 0.4264204845535374 0.49359518454863294 -0.05693001648733589
v 0.4437500000000001 0.484375 -0.05924362391432804
v 0.4264204845535374 0.47515481545136706 -0.05693001648733589
v 0.3845833333333334 0.4713356899637404 -0.05134447405908431
v 0.34274618211312935 0.47515481545136706 -0.04575893163083272
v 0.3254166666666667 0.484375 -0.04344532420384056
v 0.34274618211312935 0.49359518454863294 -0.04575893163083272
v 0.35837461472067506 0.4974143100362596 -0.15053438112088183
v 0.3973606332243836 0.49359518454863294 -0.16691036291969652
v 0.41350917083154815 0.484375 -0.17369351667794056
v 0.3973606332243836 0.47515481545136706 -0.16691036291969652
v 0.35837461472067506 0.4713356899637404 -0.15053438112088183
v 0.3193885962169665 0.47515481545136706 -0.13415839932206708
v 0.30324005860980197 0.484375 -0.12737524556382307
v 0.3193885962169665 0.49359518454863294 -0.13415839932206708
v 0.30774325835685573 0.4974143100362596 -0.2394656188791182
v 0.34122131141048284 0.49359518454863294 -0.26551604395149636
v 0.35508837502714125 0.484375 -0.2763064833220595
v 0.34122131141048284 0.47515481545136706 -0.26551604395149636
v 0.30774325835685573 0.4713356899637404 -0.2394656188791182
v 0.2742652053032286 0.47515481545136706 -0.2134151938067401
v 0.2603981416865702 0.484375 -0.20262475443617697
v 0.2742652053032286 0.49359518454863294 -0.2134151938067401
v 0.23613970750579721 0.4974143100362596 -0.31207767044638884
v 0.2618283211188368 0.49359518454863294 -0.34602724537401075
v 0.2724688932759199 0.484375 -0.3600896197458333
v 0.2618283211188368 0.47515481545136706 -0.34602724537401075
v 0.23613970750579721 0.4713356899637404 -0.31207767044638884
v 0.21045109389275768 0.47515481545136706 -0.278128095518767
v 0.19981052173567457 0.484375 -0.26406572114694443
v 0.21045109389275768 0.49359518454863294 -0.278128095518767
v 0.14844362582753629 0.4974143100362596 -0.36342214450547333
v 0.16459216343470082 0.49359518454863294 -0.4029572618613467
v 0.17128110672408034 0.484375 -0.4193332436601615
v 0.16459216343470082 0.47515481545136706 -0.4029572618613467
v 0.14844362582753629 0.4713356899637404 -0.36342214450547333
v 0.13229508822037175 0.47515481545136706 -0.3238870271495999
v 0.12560614493099223 0.484375 -0.3075110453507851
v 0.13229508822037175 0.49359518454863294 -0.3238870271495999
v 0.05063135636381932 0.4974143100362596 -0.39000000000000007
v 0.05613932181390075 0.49359518454863294 -0.4324264068711928
v 0.05842079580440691 0.484375 -0.45000000000000007
v 0.05613932181390075 0.47515481545136706 -0.4324264068711928
v 0.05063135636381932 0.4713356899637404 -0.39000000000000007
v 0.04512339091373789 0.47515481545136706 -0.3475735931288072
v 0.042841916923231735 0.484375 -0.32999999999999996
v 0.04512339091373789 0.49359518454863294 -0.3475735931288072
v -0.050631356363819394 0.4974143100362596 -0.39000000000000007
v -0.05613932181390083 0.49359518454863294 -0.4324264068711928
v -0.058420795804407 0.484375 -0.45000000000000007
v -0.05613932181390083 0.47515481545136706 -0.4324264068711928
v -0.050631356363819394 0.4713356899637404 -0.39000000000000007
v -0.04512339091373796 0.47515481545136706 -0.3475735931288072
v -0.04284191692323179 0.484375 -0.32999999999999996
v -0.04512339091373796 0.49359518454863294 -0.3475735931288072
v -0.1484436258275362 0.4974143100362596 -0.36342214450547333
v -0.16459216343470073 0.49359518454863294 -0.4029572618613468
v -0.17128110672408023 0.484375 -0.41933324366016156
v -0.16459216343470073 0.47515481545136706 -0.4029572618613468
v -0.1484436258275362 0.4713356899637404 -0.36342214450547333
v -0.13229508822037167 0.47515481545136706 -0.32388702714959994
v -0.12560614493099215 0.484375 -0.30751104535078516
v -0.13229508822037167 0.49359518454863294 -0.32388702714959994
v -0.236139707505797 0.4974143100362596 -0.312077670446389
v -0.2618283211188365 0.49359518454863294 -0.3460272453740109
v -0.2724688932759196 0.484375 -0.3600896197458335
v -0.2618283211188365 0.47515481545136706 -0.3460272453740109
v -0.236139707505797 0.4713356899637404 -0.312077670446389
v -0.21045109389275746 0.47515481545136706 -0.27812809551876716
v -0.19981052173567437 0.484375 -0.26406572114694454
v -0.21045109389275746 0.49359518454863294 -0.27812809551876716
v -0.3077432583568556 0.4974143100362596 -0.2394656188791183
v -0.34122131141048273 0.49359518454863294 -0.26551604395149647
v -0.35508837502714113 0.484375 -0.2763064833220596
v -0.34122131141048273 0.47515481545136706 -0.26551604395149647
v -0.3077432583568556 0.4713356899637404 -0.2394656188791183
v -0.27426520530322857 0.47515481545136706 -0.21341519380674018
v -0.26039814168657016 0.484375 -0.20262475443617706
v -0.27426520530322857 0.49359518454863294 -0.21341519380674018
v -0.35837461472067494 0.4974143100362596 -0.15053438112088208
v -0.3973606332243835 0.49359518454863294 -0.16691036291969677
v -0.41350917083154803 0.484375 -0.17369351667794083
v -0.3973606332243835 0.47515481545136706 -0.16691036291969677
v -0.35837461472067494 0.4713356899637404 -0.15053438112088208
v -0.3193885962169664 0.47515481545136706 -0.1341583993220673
v -0.3032400586098019 0.484375 -0.1273752455638233
v -0.3193885962169664 0.49359518454863294 -0.1341583993220673
v -0.3845833333333334 0.4974143100362596 -0.0513444740590844
v -0.42642048455353737 0.49359518454863294 -0.056930016487336
v -0.44375000000000003 0.484375 -0.05924362391432816
v -0.42642048455353737 0.47515481545136706 -0.056930016487336
v -0.3845833333333334 0.4713356899637404 -0.0513444740590844
v -0.3427461821131293 0.47515481545136706 -0.04575893163083281
v -0.32541666666666663 0.484375 -0.04344532420384064
v -0.3427461821131293 0.49359518454863294 -0.04575893163083281
v -0.3845833333333334 0.4974143100362596 0.051344474059084266
v -0.4264204845535374 0.49359518454863294 0.05693001648733584
v -0.4437500000000001 0.484375 0.059243623914328004
v -0.4264204845535374 0.47515481545136706 0.05693001648733584
v -0.3845833333333334 0.4713356899637404 0.051344474059084266
v -0.34274618211312935 0.47515481545136706 0.04575893163083268
v -0.3254166666666667 0.484375 0.04344532420384053
v -0.34274618211312935 0.49359518454863294 0.04575893163083268
v -0.358374614720675 0.4974143100362596 0.15053438112088194
v -0.39736063322438353 0.49359518454863294 0.16691036291969666
v -0.4135091708315481 0.484375 0.1736935166779407
v -0.39736063322438353 0.47515481545136706 0.16691036291969666
v -0.358374614720675 0.4713356899637404 0.15053438112088194
v -0.31938859621696647 0.47515481545136706 0.1341583993220672
v -0.3032400586098019 0.484375 0.12737524556382315
v -0.31938859621696647 0.49359518454863294 0.1341583993220672
v -0.30774325835685573 0.4974143100362596 0.23946561887911816
v -0.34122131141048284 0.49359518454863294 0.2655160439514963
v -0.35508837502714125 0.484375 0.2763064833220594
v -0.34122131141048284 0.47515481545136706 0.2655160439514963
v -0.30774325835685573 0.4713356899637404 0.23946561887911816
v -0.2742652053032286 0.47515481545136706 0.21341519380674004
v -0.2603981416865702 0.484375 0.20262475443617692
v -0.2742652053032286 0.49359518454863294 0.21341519380674004
v -0.23613970750579721 0.4974143100362596 0.3120776704463888
v -0.2618283211188368 0.49359518454863294 0.3460272453740107
v -0.2724688932759199 0.484375 0.36008961974583326
v -0.2618283211188368 0.47515481545136706 0.3460272453740107
v -0.23613970750579721 0.4713356899637404 0.3120776704463888
v -0.21045109389275768 0.47515481545136706 0.278128095518767
v -0.19981052173567457 0.484375 0.2640657211469444
v -0.21045109389275768 0.49359518454863294 0.278128095518767
v -0.1484436258275365 0.4974143100362596 0.3634221445054732
v -0.164592163434701 0.49359518454863294 0.4029572618613466
v -0.17128110672408056 0.484375 0.41933324366016145
v -0.164592163434701 0.47515481545136706 0.4029572618613466
v -0.1484436258275365 0.4713356899637404 0.3634221445054732
v -0.13229508822037195 0.47515481545136706 0.32388702714959977
v -0.1256061449309924 0.484375 0.30751104535078505
v -0.13229508822037195 0.49359518454863294 0.32388702714959977
v -0.050631356363819366 0.4974143100362596 0.39000000000000007
v -0.05613932181390079 0.49359518454863294 0.4324264068711928
v -0.058420795804406955 0.484375 0.45000000000000007
v -0.05613932181390079 0.47515481545136706 0.4324264068711928
v -0.050631356363819366 0.4713356899637404 0.39000000000000007
v -0.045123390913737925 0.47515481545136706 0.3475735931288072
v -0.04284191692323176 0.484375 0.32999999999999996
v -0.045123390913737925 0.49359518454863294 0.3475735931288072
vt 0.13837031249999998 0.7749469207392412
vt 0.13982499999999998 0.7629734832392412
vt 0.16861243299568895 0.7700732157355202
vt 0.16433300897387332 0.7813499994671775
vt 0.5617 0.748004250846305
vt 0.562303125 0.7359573758463049
vt 0.5930050800184136 0.7390392781987183
vt 0.5912017368052165 0.7509656737265661
vt 0.577928125 0.6702926241536951
vt 0.577325 0.658245749153695
vt 0.6068267368052165 0.6552843262734339
vt 0.6086300800184135 0.6672107218012817
vt 0.327325 0.7839015167607587
vt 0.3258703125 0.7719280792607588
vt 0.3518330089738733 0.7655250005328225
vt 0.35611243299568895 0.7768017842644797
vt 0.5157071462676418 0.995018539620765
vt 0.5114482160730438 0.9837339999807706
vt 0.5325667397217284 0.9726915167698958
vt 0.5394038689088421 0.9826279641112639
vt 0.074021875 0.5625
vt 0.0746234375 0.574546875
vt 0.052107879137671044 0.5768011315621915
vt 0.05030917674407946 0.5648741141476692
vt 0.0746234375 0.722328125
vt 0.074021875 0.734375
vt 0.05030917674407946 0.7320008858523308
vt 0.052107879137671044 0.7200738684378085
vt 0.5583232160730438 0.3912660000192294
vt 0.5625821462676418 0.37998146037923497
vt 0.5862788689088421 0.39237203588873615
vt 0.5794417397217284 0.40230848323010415
vt 0.16433300897387332 0.7813499994671775
vt 0.16861243299568895 0.7700732157355202
vt 0.19486235194889495 0.7838595950625994
vt 0.18800718229623675 0.7937836048531194
vt 0.5912017368052165 0.7509656737265661
vt 0.5930050800184136 0.7390392781987183
vt 0.6232456931792116 0.7451722611370171
vt 0.6202601667899899 0.7568589026225129
vt 0.6086300800184135 0.6672107218012817
vt 0.6068267368052165 0.6552843262734339
vt 0.6358851667899899 0.6493910973774871
vt 0.6388706931792116 0.6610777388629829
vt 0.35611243299568895 0.7768017842644797
vt 0.3518330089738733 0.7655250005328225
vt 0.3755071822962367 0.7530913951468805
vt 0.38236235194889495 0.7630154049374005
vt 0.5394038689088421 0.9826279641112639
vt 0.5325667397217284 0.9726915167698958
vt 0.5504267534691993 0.9569134184845306
vt 0.5594442751030605 0.9649236385109662
vt 0.05030917674407946 0.5648741141476692
vt 0.052107879137671044 0.5768011315621915
vt 0.029928900732732147 0.5812872164843569
vt 0.0269509542173478 0.5695987217455746
vt 0.052107879137671044 0.7200738684378085
vt 0.05030917674407946 0.7320008858523308
vt 0.02695095421734779 0.7272762782544254
vt 0.029928900732732147 0.7155877835156431
vt 0.5794417397217284 0.40230848323010415
vt 0.5862788689088421 0.39237203588873615
vt 0.6063192751030605 0.4100763614890339
vt 0.5973017534691993 0.4180865815154695
vt 0.18800718229623675 0.7937836048531194
vt 0.19486235194889495 0.7838595950625994
vt 0.21704745069065512 0.8035304845650686
vt 0.20801539160623272 0.8115243090555465
vt 0.6202601667899899 0.7568589026225129
vt 0.6232456931792116 0.7451722611370171
vt 0.6527225314355525 0.7542949893732427
vt 0.6485846797914241 0.765625
vt 0.6388706931792116 0.6610777388629829
vt 0.6358851667899899 0.6493910973774871
vt 0.6642096797914241 0.640625
vt 0.6683475314355525 0.6519550106267573
vt 0.38236235194889495 0.7630154049374005
vt 0.3755071822962367 0.7530913951468805
vt 0.3955153916062327 0.7353506909444534
vt 0.4045474506906551 0.7433445154349314
vt 0.5594442751030605 0.9649236385109662
vt 0.5504267534691993 0.9569134184845306
vt 0.5639891032813853 0.9373177265055674
vt 0.5746623484498838 0.9429356584081616
vt 0.0269509542173478 0.5695987217455746
vt 0.029928900732732147 0.5812872164843569
vt 0.008307166880771558 0.5879604965062506
vt 0.004179604630957595 0.5766268164074945
vt 0.029928900732732154 0.7155877835156431
vt 0.02695095421734779 0.7272762782544254
vt 0.004179604630957595 0.7202481835925055
vt 0.008307166880771572 0.7089145034937494
vt 0.5973017534691993 0.4180865815154694
vt 0.6063192751030605 0.4100763614890339
vt 0.6215373484498838 0.4320643415918384
vt 0.6108641032813853 0.43768227349443256
vt 0.20801539160623272 0.8115243090555465
vt 0.21704745069065512 0.8035304845650686
vt 0.23387692759115325 0.8279413675326222
vt 0.22319349382351372 0.8335398998600739
vt 0.051614833210010105 0.875
vt 0.04862930682078834 0.8633133585145043
vt 0.07886991998158646 0.8571803755762055
vt 0.0806732631947835 0.8691067711040532
vt 0.23612930682078834 0.6523116414854957
vt 0.2391148332100101 0.640625
vt 0.2681732631947835 0.6465182288959468
vt 0.26636991998158643 0.6584446244237945
vt 0.4045474506906551 0.7433445154349314
vt 0.3955153916062327 0.7353506909444534
vt 0.41069349382351367 0.713335100139926
vt 0.4213769275911532 0.7189336324673777
vt 0.5746623484498838 0.9429356584081616
vt 0.5639891032813853 0.9373177265055674
vt 0.5724646872730303 0.9150445823053637
vt 0.5841726516516288 0.9179433564253209
vt 0.5746115457826522 0.4914737217455746
vt 0.5716335992672679 0.5031622164843569
vt 0.549454620862329 0.4986761315621915
vt 0.5512533232559206 0.4867491141476692
vt 0.5247585992672679 0.9030877835156431
vt 0.5277365457826522 0.9147762782544254
vt 0.5043783232559206 0.9195008858523308
vt 0.502579620862329 0.9075738684378085
vt 0.6108641032813853 0.43768227349443256
vt 0.6215373484498838 0.4320643415918384
vt 0.6310476516516288 0.4570566435746791
vt 0.6193396872730303 0.4599554176946363
vt 0.22319349382351372 0.8335398998600739
vt 0.23387692759115325 0.8279413675326222
vt 0.24437158862177638 0.8556719389268852
vt 0.2326583773014903 0.8585494381632683
vt 0.0806732631947835 0.8691067711040532
vt 0.07886991998158646 0.8571803755762055
vt 0.109571875 0.8540984732237921
vt 0.110175 0.866145348223792
vt 0.26636991998158643 0.6584446244237945
vt 0.2681732631947835 0.6465182288959468
vt 0.297675 0.6494796517762079
vt 0.297071875 0.6615265267762079
vt 0.4213769275911532 0.7189336324673777
vt 0.41069349382351367 0.713335100139926
vt 0.4201583773014903 0.6883255618367315
vt 0.4318715886217763 0.6912030610731147
vt 0.5841726516516288 0.9179433564253209
vt 0.5724646872730303 0.9150445823053637
vt 0.575360368237156 0.8913899102865742
vt 0.5874218441522874 0.8914008664614104
vt 0.5512533232559206 0.4867491141476692
vt 0.549454620862329 0.4986761315621915
vt 0.5269390625 0.496421875
vt 0.527540625 0.484375
vt 0.502579620862329 0.9075738684378085
vt 0.5043783232559206 0.9195008858523308
vt 0.480665625 0.921875
vt 0.4800640625 0.909828125
vt 0.6193396872730303 0.4599554176946363
vt 0.6310476516516288 0.4570566435746791
vt 0.6342968441522874 0.48359913353858963
vt 0.622235368237156 0.4836100897134258
vt 0.2326583773014903 0.8585494381632683
vt 0.24437158862177638 0.8556719389268852
vt 0.24792082006741867 0.8851087433754877
vt 0.23585934415228726 0.8850977872006516
vt 0.110175 0.866145348223792
vt 0.109571875 0.8540984732237921
vt 0.14042812500000001 0.8540984732237921
vt 0.139825 0.866145348223792
vt 0.297071875 0.6615265267762079
vt 0.297675 0.6494796517762079
vt 0.327325 0.6494796517762079
vt 0.327928125 0.6615265267762079
vt 0.4318715886217763 0.6912030610731147
vt 0.4201583773014903 0.6883255618367315
vt 0.42335934415228726 0.6617772127993484
vt 0.43542082006741867 0.6617662566245122
vt 0.5874218441522874 0.8914008664614104
vt 0.575360368237156 0.8913899102865742
vt 0.5725076659812043 0.8677300166604104
vt 0.5842208773014903 0.8648525174240272
vt 0.527540625 0.484375
vt 0.5269390625 0.496421875
vt 0.5043109375 0.496421875
vt 0.503709375 0.484375
vt 0.4800640625 0.909828125
vt 0.480665625 0.921875
vt 0.456834375 0.921875
vt 0.4574359375 0.909828125
vt 0.622235368237156 0.4836100897134258
vt 0.6342968441522874 0.48359913353858963
vt 0.6310958773014903 0.5101474825759728
vt 0.6193826659812043 0.5072699833395896
vt 0.23585934415228726 0.8850977872006516
vt 0.24792082006741867 0.8851087433754877
vt 0.24431811603022696 0.9145390512845193
vt 0.23261015165162857 0.9116402771645621
vt 0.139825 0.866145348223792
vt 0.14042812500000001 0.8540984732237921
vt 0.17113008001841354 0.8571803755762055
vt 0.16932673680521648 0.8691067711040532
vt 0.327928125 0.6615265267762079
vt 0.327325 0.6494796517762079
vt 0.3568267368052165 0.6465182288959468
vt 0.35863008001841357 0.6584446244237945
vt 0.43542082006741867 0.6617662566245122
vt 0.42335934415228726 0.6617772127993484
vt 0.4201101516516285 0.6352347228354379
vt 0.4318181160302269 0.6323359487154807
vt 0.5842208773014903 0.8648525174240272
vt 0.5725076659812043 0.8677300166604104
vt 0.5640725600558741 0.8454415114482846
vt 0.5747559938235136 0.8398429791208328
vt 0.503709375 0.484375
vt 0.5043109375 0.496421875
vt 0.48179537913767106 0.4986761315621915
vt 0.4799966767440795 0.4867491141476692
vt 0.4574359375 0.909828125
vt 0.456834375 0.921875
vt 0.4331216767440795 0.9195008858523308
vt 0.43492037913767106 0.9075738684378085
vt 0.6193826659812043 0.5072699833395896
vt 0.6310958773014903 0.5101474825759728
vt 0.6216309938235136 0.5351570208791672
vt 0.6109475600558741 0.5295584885517154
vt 0.23261015165162857 0.9116402771645621
vt 0.24431811603022696 0.9145390512845193
vt 0.23377309361838194 0.9422505110499969
vt 0.2230998484498834 0.9366325791474027
vt 0.16932673680521648 0.8691067711040532
vt 0.17113008001841354 0.8571803755762055
vt 0.20137069317921166 0.8633133585145043
vt 0.19838516678998988 0.875
vt 0.35863008001841357 0.6584446244237945
vt 0.3568267368052165 0.6465182288959468
vt 0.38588516678998985 0.640625
vt 0.38887069317921164 0.6523116414854957
vt 0.4318181160302269 0.6323359487154807
vt 0.4201101516516285 0.6352347228354379
vt 0.4105998484498834 0.6102424208525973
vt 0.4212730936183819 0.604624488950003
vt 0.5747559938235136 0.8398429791208328
vt 0.5640725600558741 0.8454415114482846
vt 0.5505458325218102 0.8258212128067833
vt 0.5595778916062326 0.8178273883163054
vt 0.4799966767440795 0.4867491141476692
vt 0.48179537913767106 0.4986761315621915
vt 0.45961640073273213 0.5031622164843569
vt 0.4566384542173478 0.4914737217455746
vt 0.43492037913767106 0.9075738684378085
vt 0.4331216767440795 0.9195008858523308
vt 0.4097634542173478 0.9147762782544254
vt 0.41274140073273213 0.9030877835156431
vt 0.6109475600558741 0.5295584885517154
vt 0.6216309938235136 0.5351570208791672
vt 0.6064528916062326 0.5571726116836946
vt 0.5974208325218102 0.5491787871932168
vt 0.2230998484498834 0.9366325791474027
vt 0.23377309361838194 0.9422505110499969
vt 0.21689929673692093 0.9666307792766429
vt 0.20788177510305988 0.9586205592502072
vt 0.0076653202085759375 0.546875
vt 0.0035274685644475917 0.5355449893732427
vt 0.03300430682078834 0.5264222611370171
vt 0.035989833210010105 0.5381089026225129
vt 0.4566524685644476 0.6988300106267573
vt 0.4607903202085759 0.6875
vt 0.4891148332100101 0.6962660973774871
vt 0.48612930682078836 0.7079527388629829
vt 0.4212730936183819 0.604624488950003
vt 0.4105998484498834 0.6102424208525973
vt 0.39538177510305983 0.5882544407497928
vt 0.4043992967369209 0.5802442207233571
vt 0.5595778916062326 0.8178273883163054
vt 0.5505458325218102 0.8258212128067833
vt 0.5327145126435785 0.8100106939043982
vt 0.5395696822962367 0.8000866841138782
vt 0.1676953953690424 0.6235018164074945
vt 0.16356783311922843 0.6348354965062506
vt 0.14194609926726784 0.6281622164843569
vt 0.1449240457826522 0.6164737217455746
vt 0.16356783311922843 0.6620395034937494
vt 0.1676953953690424 0.6733731835925055
vt 0.1449240457826522 0.6804012782544254
vt 0.14194609926726784 0.6687127835156431
vt 0.5974208325218102 0.5491787871932168
vt 0.6064528916062326 0.5571726116836946
vt 0.5864446822962367 0.5749133158861218
vt 0.5795895126435785 0.5649893060956018
vt 0.20788177510305988 0.9586205592502072
vt 0.21689929673692093 0.9666307792766429
vt 0.194678498095955 0.9862613321918728
vt 0.18784136890884134 0.9763248848505047
vt 0.035989833210010105 0.5381089026225129
vt 0.03300430682078834 0.5264222611370171
vt 0.06324491998158646 0.5202892781987183
vt 0.0650482631947835 0.5322156737265661
vt 0.48612930682078836 0.7079527388629829
vt 0.4891148332100101 0.6962660973774871
vt 0.5181732631947835 0.7021593262734339
vt 0.5163699199815864 0.7140857218012817
vt 0.4043992967369209 0.5802442207233571
vt 0.39538177510305983 0.5882544407497928
vt 0.3753413689088413 0.5705501151494953
vt 0.38217849809595494 0.5606136678081272
vt 0.5395696822962367 0.8000866841138782
vt 0.5327145126435785 0.8100106939043982
vt 0.5116160849520577 0.7989298624595936
vt 0.5158955089738733 0.7876530787279363
vt 0.1449240457826522 0.6164737217455746
vt 0.14194609926726784 0.6281622164843569
vt 0.11976712086232896 0.6236761315621915
vt 0.12156582325592054 0.6117491141476692
vt 0.14194609926726784 0.6687127835156431
vt 0.1449240457826522 0.6804012782544254
vt 0.12156582325592054 0.6851258858523308
vt 0.11976712086232896 0.6731988684378085
vt 0.5795895126435785 0.5649893060956018
vt 0.5864446822962367 0.5749133158861218
vt 0.5627705089738733 0.5873469212720637
vt 0.5584910849520577 0.5760701375404064
vt 0.18784136890884134 0.9763248848505047
vt 0.194678498095955 0.9862613321918728
vt 0.16840357646223875 1
vt 0.16414464626764091 0.9887154603600056
vt 0.0650482631947835 0.5322156737265661
vt 0.06324491998158646 0.5202892781987183
vt 0.093946875 0.5172073758463049
vt 0.09455 0.529254250846305
vt 0.5163699199815864 0.7140857218012817
vt 0.5181732631947835 0.7021593262734339
vt 0.547675 0.705120749153695
vt 0.547071875 0.7171676241536951
vt 0.38217849809595494 0.5606136678081272
vt 0.3753413689088413 0.5705501151494953
vt 0.35164464626764086 0.5581595396399944
vt 0.3559035764622387 0.546875
vt 0.5158955089738733 0.7876530787279363
vt 0.5116160849520577 0.7989298624595936
vt 0.488478125 0.7932234375
vt 0.4899328125 0.78125
vt 0.12156582325592054 0.6117491141476692
vt 0.11976712086232896 0.6236761315621915
vt 0.0972515625 0.621421875
vt 0.097853125 0.609375
vt 0.11976712086232896 0.6731988684378085
vt 0.12156582325592054 0.6851258858523308
vt 0.097853125 0.6875
vt 0.0972515625 0.675453125
vt 0.5584910849520577 0.5760701375404064
vt 0.5627705089738733 0.5873469212720637
vt 0.5368078125 0.59375
vt 0.535353125 0.5817765625
vt 0.0803796875 0.953125
vt 0.078925 0.9375
vt 0.108575 0.9375
vt 0.10712031250000001 0.953125
vt 0.09455 0.529254250846305
vt 0.093946875 0.5172073758463049
vt 0.124803125 0.5172073758463049
vt 0.1242 0.529254250846305
vt 0.547071875 0.7171676241536951
vt 0.547675 0.705120749153695
vt 0.577325 0.705120749153695
vt 0.577928125 0.7171676241536951
vt 0.110175 1
vt 0.1116296875 0.984375
vt 0.1383703125 0.984375
vt 0.139825 1
vt 0.4899328125 0.78125
vt 0.488478125 0.7932234375
vt 0.464646875 0.7932234375
vt 0.4631921875 0.78125
vt 0.097853125 0.609375
vt 0.0972515625 0.621421875
vt 0.0746234375 0.621421875
vt 0.074021875 0.609375
vt 0.0972515625 0.675453125
vt 0.097853125 0.6875
vt 0.074021875 0.6875
vt 0.0746234375 0.675453125
vt 0.535353125 0.5817765625
vt 0.5368078125 0.59375
vt 0.5100671875 0.59375
vt 0.511521875 0.5817765625
vt 0.0858553537323591 0.9887154603600056
vt 0.08159642353776127 1
vt 0.055321501904045 0.9862613321918728
vt 0.062158631091158656 0.9763248848505047
vt 0.1242 0.529254250846305
vt 0.124803125 0.5172073758463049
vt 0.15550508001841357 0.5202892781987183
vt 0.15370173680521648 0.5322156737265661
vt 0.577928125 0.7171676241536951
vt 0.577325 0.705120749153695
vt 0.6068267368052165 0.7021593262734339
vt 0.6086300800184135 0.7140857218012817
vt 0.2690964235377613 0.546875
vt 0.27335535373235914 0.5581595396399944
vt 0.2496586310911587 0.5705501151494953
vt 0.24282150190404506 0.5606136678081272
vt 0.4631921875 0.78125
vt 0.464646875 0.7932234375
vt 0.44150891504794226 0.7989298624595936
vt 0.4372294910261267 0.7876530787279363
vt 0.074021875 0.609375
vt 0.0746234375 0.621421875
vt 0.052107879137671044 0.6236761315621915
vt 0.05030917674407946 0.6117491141476692
vt 0.0746234375 0.675453125
vt 0.074021875 0.6875
vt 0.05030917674407946 0.6851258858523308
vt 0.052107879137671044 0.6731988684378085
vt 0.511521875 0.5817765625
vt 0.5100671875 0.59375
vt 0.4841044910261267 0.5873469212720637
vt 0.48838391504794226 0.5760701375404064
vt 0.06215863109115864 0.9763248848505047
vt 0.055321501904045 0.9862613321918728
vt 0.033100703263079054 0.9666307792766429
vt 0.0421182248969401 0.9586205592502072
vt 0.15370173680521648 0.5322156737265661
vt 0.15550508001841357 0.5202892781987183
vt 0.18574569317921164 0.5264222611370171
vt 0.1827601667899899 0.5381089026225129
vt 0.6086300800184135 0.7140857218012817
vt 0.6068267368052165 0.7021593262734339
vt 0.6358851667899899 0.6962660973774871
vt 0.6388706931792116 0.7079527388629829
vt 0.24282150190404506 0.5606136678081272
vt 0.2496586310911587 0.5705501151494953
vt 0.22961822489694014 0.5882544407497928
vt 0.22060070326307912 0.5802442207233571
vt 0.4372294910261267 0.7876530787279363
vt 0.44150891504794226 0.7989298624595936
vt 0.4204104873564215 0.8100106939043982
vt 0.4135553177037633 0.8000866841138782
vt 0.05030917674407946 0.6117491141476692
vt 0.052107879137671044 0.6236761315621915
vt 0.029928900732732147 0.6281622164843569
vt 0.0269509542173478 0.6164737217455746
vt 0.052107879137671044 0.6731988684378085
vt 0.05030917674407946 0.6851258858523308
vt 0.02695095421734779 0.6804012782544254
vt 0.029928900732732147 0.6687127835156431
vt 0.4883839150479423 0.5760701375404064
vt 0.4841044910261267 0.5873469212720637
vt 0.4604303177037633 0.5749133158861218
vt 0.4672854873564215 0.5649893060956018
vt 0.0421182248969401 0.9586205592502072
vt 0.033100703263079054 0.9666307792766429
vt 0.016226906381618084 0.9422505110499969
vt 0.02690015155011659 0.9366325791474027
vt 0.1827601667899899 0.5381089026225129
vt 0.18574569317921164 0.5264222611370171
vt 0.21522253143555242 0.5355449893732427
vt 0.21108467979142403 0.546875
vt 0.6388706931792116 0.7079527388629829
vt 0.6358851667899899 0.6962660973774871
vt 0.6642096797914241 0.6875
vt 0.6683475314355525 0.6988300106267573
vt 0.2206007032630791 0.5802442207233571
vt 0.22961822489694014 0.5882544407497928
vt 0.2144001515501166 0.6102424208525973
vt 0.2037269063816181 0.604624488950003
vt 0.4135553177037633 0.8000866841138782
vt 0.4204104873564215 0.8100106939043982
vt 0.4025791674781898 0.8258212128067833
vt 0.39354710839376733 0.8178273883163054
vt 0.0269509542173478 0.6164737217455746
vt 0.029928900732732147 0.6281622164843569
vt 0.008307166880771558 0.6348354965062506
vt 0.004179604630957595 0.6235018164074945
vt 0.029928900732732154 0.6687127835156431
vt 0.02695095421734779 0.6804012782544254
vt 0.004179604630957595 0.6733731835925055
vt 0.008307166880771572 0.6620395034937494
vt 0.4672854873564215 0.5649893060956018
vt 0.4604303177037633 0.5749133158861218
vt 0.44042210839376733 0.5571726116836946
vt 0.4494541674781898 0.5491787871932168
vt 0.02690015155011659 0.9366325791474027
vt 0.016226906381618084 0.9422505110499969
vt 0.005681883969773066 0.9145390512845193
vt 0.017389848348371456 0.9116402771645621
vt 0.051614833210010105 0.921875
vt 0.04862930682078834 0.9101883585145043
vt 0.07886991998158646 0.9040553755762055
vt 0.0806732631947835 0.9159817711040532
vt 0.23612930682078834 0.6991866414854957
vt 0.2391148332100101 0.6875
vt 0.2681732631947835 0.6933932288959468
vt 0.26636991998158643 0.7053196244237945
vt 0.2037269063816181 0.604624488950003
vt 0.2144001515501166 0.6102424208525973
vt 0.20488984834837148 0.6352347228354379
vt 0.1931818839697731 0.6323359487154807
vt 0.39354710839376733 0.8178273883163054
vt 0.4025791674781898 0.8258212128067833
vt 0.38905243994412586 0.8454415114482846
vt 0.37836900617648633 0.8398429791208328
vt 0.1214865457826522 0.4758487217455746
vt 0.11850859926726787 0.4875372164843569
vt 0.09632962086232896 0.4830511315621915
vt 0.09812832325592055 0.4711241141476692
vt 0.35288359926726787 0.5124627835156431
vt 0.3558615457826522 0.5241512782544254
vt 0.3325033232559205 0.5288758858523308
vt 0.33070462086232894 0.5169488684378085
vt 0.4494541674781898 0.5491787871932168
vt 0.44042210839376733 0.5571726116836946
vt 0.4252440061764864 0.5351570208791672
vt 0.43592743994412586 0.5295584885517154
vt 0.017389848348371442 0.9116402771645621
vt 0.005681883969773052 0.9145390512845193
vt 0.002079179932581332 0.8851087433754877
vt 0.014140655847712763 0.8850977872006516
vt 0.0806732631947835 0.9159817711040532
vt 0.07886991998158646 0.9040553755762055
vt 0.109571875 0.9009734732237921
vt 0.110175 0.9130203482237921
vt 0.26636991998158643 0.7053196244237945
vt 0.2681732631947835 0.6933932288959468
vt 0.297675 0.6963546517762079
vt 0.297071875 0.7084015267762079
vt 0.1931818839697731 0.6323359487154807
vt 0.20488984834837148 0.6352347228354379
vt 0.20164065584771276 0.6617772127993484
vt 0.18957917993258133 0.6617662566245122
vt 0.37836900617648633 0.8398429791208328
vt 0.38905243994412586 0.8454415114482846
vt 0.3806173340187957 0.8677300166604104
vt 0.3689041226985097 0.8648525174240272
vt 0.09812832325592055 0.4711241141476692
vt 0.09632962086232896 0.4830511315621915
vt 0.0738140625 0.480796875
vt 0.07441562500000001 0.46875
vt 0.33070462086232894 0.5169488684378085
vt 0.3325033232559205 0.5288758858523308
vt 0.308790625 0.53125
vt 0.3081890625 0.519203125
vt 0.43592743994412586 0.5295584885517154
vt 0.4252440061764864 0.5351570208791672
vt 0.4157791226985097 0.5101474825759728
vt 0.4274923340187957 0.5072699833395896
vt 0.01414065584771275 0.8850977872006516
vt 0.002079179932581318 0.8851087433754877
vt 0.005628411378223647 0.8556719389268852
vt 0.017341622698509696 0.8585494381632683
vt 0.110175 0.9130203482237921
vt 0.109571875 0.9009734732237921
vt 0.14042812500000001 0.9009734732237921
vt 0.139825 0.9130203482237921
vt 0.297071875 0.7084015267762079
vt 0.297675 0.6963546517762079
vt 0.327325 0.6963546517762079
vt 0.327928125 0.7084015267762079
vt 0.18957917993258133 0.6617662566245122
vt 0.20164065584771276 0.6617772127993484
vt 0.2048416226985097 0.6883255618367315
vt 0.19312841137822365 0.6912030610731147
vt 0.3689041226985097 0.8648525174240272
vt 0.3806173340187957 0.8677300166604104
vt 0.377764631762844 0.8913899102865742
vt 0.3657031558477126 0.8914008664614104
vt 0.07441562500000001 0.46875
vt 0.0738140625 0.480796875
vt 0.0511859375 0.480796875
vt 0.050584375 0.46875
vt 0.3081890625 0.519203125
vt 0.308790625 0.53125
vt 0.284959375 0.53125
vt 0.2855609375 0.519203125
vt 0.4274923340187957 0.5072699833395896
vt 0.4157791226985097 0.5101474825759728
vt 0.4125781558477126 0.48359913353858963
vt 0.4246396317628441 0.4836100897134258
vt 0.01734162269850968 0.8585494381632683
vt 0.005628411378223633 0.8556719389268852
vt 0.016123072408846778 0.8279413675326222
vt 0.026806506176486306 0.8335398998600739
vt 0.139825 0.9130203482237921
vt 0.14042812500000001 0.9009734732237921
vt 0.17113008001841354 0.9040553755762055
vt 0.16932673680521648 0.9159817711040532
vt 0.327928125 0.7084015267762079
vt 0.327325 0.6963546517762079
vt 0.3568267368052165 0.6933932288959468
vt 0.35863008001841357 0.7053196244237945
vt 0.19312841137822365 0.6912030610731147
vt 0.2048416226985097 0.6883255618367315
vt 0.21430650617648633 0.713335100139926
vt 0.2036230724088468 0.7189336324673777
vt 0.3657031558477126 0.8914008664614104
vt 0.377764631762844 0.8913899102865742
vt 0.3806603127269696 0.9150445823053637
vt 0.3689523483483712 0.9179433564253209
vt 0.050584375 0.46875
vt 0.0511859375 0.480796875
vt 0.028670379137671044 0.4830511315621915
vt 0.026871676744079462 0.4711241141476692
vt 0.2855609375 0.519203125
vt 0.284959375 0.53125
vt 0.2612466767440795 0.5288758858523308
vt 0.26304537913767106 0.5169488684378085
vt 0.4246396317628441 0.4836100897134258
vt 0.4125781558477126 0.48359913353858963
vt 0.4158273483483712 0.4570566435746791
vt 0.4275353127269696 0.4599554176946363
vt 0.026806506176486306 0.8335398998600739
vt 0.016123072408846778 0.8279413675326222
vt 0.03295254930934487 0.8035304845650686
vt 0.04198460839376729 0.8115243090555465
vt 0.16932673680521648 0.9159817711040532
vt 0.17113008001841354 0.9040553755762055
vt 0.20137069317921166 0.9101883585145043
vt 0.19838516678998988 0.921875
vt 0.35863008001841357 0.7053196244237945
vt 0.3568267368052165 0.6933932288959468
vt 0.38588516678998985 0.6875
vt 0.38887069317921164 0.6991866414854957
vt 0.2036230724088468 0.7189336324673777
vt 0.21430650617648633 0.713335100139926
vt 0.2294846083937673 0.7353506909444534
vt 0.22045254930934488 0.7433445154349314
vt 0.3689523483483712 0.9179433564253209
vt 0.3806603127269696 0.9150445823053637
vt 0.3891358967186147 0.9373177265055674
vt 0.37846265155011616 0.9429356584081616
vt 0.026871676744079462 0.4711241141476692
vt 0.028670379137671044 0.4830511315621915
vt 0.006491400732732147 0.4875372164843569
vt 0.0035134542173477987 0.4758487217455746
vt 0.26304537913767106 0.5169488684378085
vt 0.2612466767440795 0.5288758858523308
vt 0.23788845421734778 0.5241512782544254
vt 0.24086640073273213 0.5124627835156431
vt 0.4275353127269696 0.4599554176946363
vt 0.4158273483483712 0.4570566435746791
vt 0.42533765155011616 0.4320643415918384
vt 0.4360108967186147 0.43768227349443256
vt 0.04198460839376729 0.8115243090555465
vt 0.03295254930934487 0.8035304845650686
vt 0.05513764805110506 0.7838595950625994
vt 0.061992817703763275 0.7937836048531194
vt 0.4451653202085759 0.765625
vt 0.4410274685644476 0.7542949893732427
vt 0.47050430682078836 0.7451722611370171
vt 0.4734898332100101 0.7568589026225129
vt 0.4566524685644476 0.6519550106267573
vt 0.4607903202085759 0.640625
vt 0.4891148332100101 0.6493910973774871
vt 0.48612930682078836 0.6610777388629829
vt 0.22045254930934488 0.7433445154349314
vt 0.2294846083937673 0.7353506909444534
vt 0.24949281770376328 0.7530913951468805
vt 0.24263764805110505 0.7630154049374005
vt 0.37846265155011616 0.9429356584081616
vt 0.3891358967186147 0.9373177265055674
vt 0.4026982465308006 0.9569134184845306
vt 0.3936807248969395 0.9649236385109662
vt 0.1676953953690424 0.5766268164074945
vt 0.16356783311922843 0.5879604965062506
vt 0.14194609926726784 0.5812872164843569
vt 0.1449240457826522 0.5695987217455746
vt 0.16356783311922843 0.7089145034937494
vt 0.1676953953690424 0.7202481835925055
vt 0.1449240457826522 0.7272762782544254
vt 0.14194609926726784 0.7155877835156431
vt 0.4360108967186147 0.43768227349443256
vt 0.42533765155011616 0.4320643415918384
vt 0.4405557248969395 0.4100763614890339
vt 0.44957324653080066 0.4180865815154694
vt 0.061992817703763275 0.7937836048531194
vt 0.05513764805110506 0.7838595950625994
vt 0.08138756700431107 0.7700732157355202
vt 0.08566699102612667 0.7813499994671775
vt 0.4734898332100101 0.7568589026225129
vt 0.47050430682078836 0.7451722611370171
vt 0.5007449199815864 0.7390392781987183
vt 0.5025482631947835 0.7509656737265661
vt 0.48612930682078836 0.6610777388629829
vt 0.4891148332100101 0.6493910973774871
vt 0.5181732631947835 0.6552843262734339
vt 0.5163699199815864 0.6672107218012817
vt 0.24263764805110505 0.7630154049374005
vt 0.24949281770376328 0.7530913951468805
vt 0.2731669910261267 0.7655250005328225
vt 0.26888756700431105 0.7768017842644797
vt 0.3936807248969395 0.9649236385109662
vt 0.4026982465308006 0.9569134184845306
vt 0.4205582602782716 0.9726915167698958
vt 0.4137211310911579 0.9826279641112639
vt 0.1449240457826522 0.5695987217455746
vt 0.14194609926726784 0.5812872164843569
vt 0.11976712086232896 0.5768011315621915
vt 0.12156582325592054 0.5648741141476692
vt 0.14194609926726784 0.7155877835156431
vt 0.1449240457826522 0.7272762782544254
vt 0.12156582325592054 0.7320008858523308
vt 0.11976712086232896 0.7200738684378085
vt 0.44957324653080066 0.4180865815154695
vt 0.4405557248969395 0.4100763614890339
vt 0.46059613109115793 0.39237203588873615
vt 0.46743326027827165 0.40230848323010415
vt 0.08566699102612667 0.7813499994671775
vt 0.08138756700431107 0.7700732157355202
vt 0.110175 0.7629734832392412
vt 0.1116296875 0.7749469207392412
vt 0.5025482631947835 0.7509656737265661
vt 0.5007449199815864 0.7390392781987183
vt 0.531446875 0.7359573758463049
vt 0.53205 0.748004250846305
vt 0.5163699199815864 0.6672107218012817
vt 0.5181732631947835 0.6552843262734339
vt 0.547675 0.658245749153695
vt 0.547071875 0.6702926241536951
vt 0.26888756700431105 0.7768017842644797
vt 0.2731669910261267 0.7655250005328225
vt 0.2991296875 0.7719280792607588
vt 0.297675 0.7839015167607587
vt 0.4137211310911579 0.9826279641112639
vt 0.4205582602782716 0.9726915167698958
vt 0.4416767839269562 0.9837339999807706
vt 0.4374178537323582 0.995018539620765
vt 0.12156582325592054 0.5648741141476692
vt 0.11976712086232896 0.5768011315621915
vt 0.0972515625 0.574546875
vt 0.097853125 0.5625
vt 0.11976712086232896 0.7200738684378085
vt 0.12156582325592054 0.7320008858523308
vt 0.097853125 0.734375
vt 0.0972515625 0.722328125
vt 0.46743326027827165 0.40230848323010415
vt 0.46059613109115793 0.39237203588873615
vt 0.4842928537323582 0.37998146037923497
vt 0.4885517839269562 0.3912660000192294
vt 0.1116296875 0.7749469207392412
vt 0.110175 0.7629734832392412
vt 0.13982499999999998 0.7629734832392412
vt 0.13837031249999998 0.7749469207392412
vt 0.53205 0.748004250846305
vt 0.531446875 0.7359573758463049
vt 0.562303125 0.7359573758463049
vt 0.5617 0.748004250846305
vt 0.547071875 0.6702926241536951
vt 0.547675 0.658245749153695
vt 0.577325 0.658245749153695
vt 0.577928125 0.6702926241536951
vt 0.297675 0.7839015167607587
vt 0.2991296875 0.7719280792607588
vt 0.3258703125 0.7719280792607588
vt 0.327325 0.7839015167607587
vt 0.1539953125 0.953125
vt 0.15254062499999999 0.96875
vt 0.12870937500000001 0.96875
vt 0.1272546875 0.953125
vt 0.097853125 0.5625
vt 0.0972515625 0.574546875
vt 0.0746234375 0.574546875
vt 0.074021875 0.5625
vt 0.0972515625 0.722328125
vt 0.097853125 0.734375
vt 0.074021875 0.734375
vt 0.0746234375 0.722328125
vt 0.105665625 0.8125
vt 0.10712031250000001 0.828125
vt 0.0803796875 0.828125
vt 0.081834375 0.8125
vn 0.02353110087909785 0.9959652628873091 0.08659955203828269
vn 0.12191563040175511 0.8853397502247459 0.4486759473559145
vn 0.12191563040175492 -0.885339750224746 0.44867594735591443
vn 0.02353110087909787 -0.995965262887309 0.08659955203828276
vn -0.023531100879097752 -0.995965262887309 -0.08659955203828243
vn -0.12191563040175463 -0.8853397502247459 -0.44867594735591454
vn -0.12191563040175483 0.8853397502247461 -0.4486759473559145
vn -0.023531100879097818 0.995965262887309 -0.08659955203828258
vn 0.04545764766524819 0.9959444829175401 0.07764141430226394
vn 0.2353911115572071 0.8848443070036931 0.40204673479959635
vn 0.23539111155720682 -0.8848443070036931 0.4020467347995963
vn 0.04545764766524831 -0.9959444829175402 0.077641414302264
vn -0.04545764766524818 -0.9959444829175402 -0.07764141430226378
vn -0.2353911115572073 -0.8848443070036931 -0.4020467347995963
vn -0.23539111155720716 0.884844307003693 -0.40204673479959613
vn -0.045457647665248256 0.9959444829175402 -0.0776414143022639
vn 0.06428498970304247 0.9959160990527463 0.06339214262383351
vn 0.3326391883479196 0.8841688611658546 0.3280191996208652
vn 0.33263918834791956 -0.8841688611658547 0.32801919962086495
vn 0.0642849897030425 -0.9959160990527461 0.06339214262383358
vn -0.0642849897030425 -0.9959160990527461 -0.06339214262383357
vn -0.33263918834791856 -0.8841688611658552 -0.32801919962086434
vn -0.3326391883479186 0.8841688611658554 -0.3280191996208642
vn -0.06428498970304261 0.9959160990527461 -0.06339214262383369
vn 0.07873046773558928 0.995887717614587 0.044823736508059715
vn 0.4070876266729173 0.8834949597748549 0.23176781541499453
vn 0.40708762667291737 -0.8834949597748551 0.23176781541499442
vn 0.07873046773558932 -0.9958877176145872 0.04482373650805977
vn -0.07873046773558924 -0.995887717614587 -0.04482373650805972
vn -0.40708762667291737 -0.8834949597748549 -0.23176781541499455
vn -0.40708762667291737 0.8834949597748551 -0.23176781541499453
vn -0.0787304677355894 0.9958877176145872 -0.04482373650805981
vn 0.0878105946358384 0.995866942498088 0.023201989337353308
vn 0.4537942174412596 0.8830026054632151 0.11990499139755852
vn 0.4537942174412596 -0.8830026054632152 0.11990499139755845
vn 0.08781059463583847 -0.995866942498088 0.02320198933735337
vn -0.08781059463583833 -0.995866942498088 -0.023201989337353287
vn -0.45379421744125986 -0.883002605463215 -0.11990499139755832
vn -0.45379421744125964 0.8830026054632151 -0.11990499139755839
vn -0.08781059463583848 0.995866942498088 -0.02320198933735337
vn 0.09090752288869813 0.995859338602717 4.533199780134973e-17
vn 0.4697065704326762 0.882822596953869 2.2142124697641678e-16
vn 0.46970657043267605 -0.8828225969538692 2.3041969582830603e-16
vn 0.09090752288869822 -0.9958593386027169 0
vn -0.09090752288869784 -0.995859338602717 -5.639885570439711e-17
vn -0.46970657043267616 -0.882822596953869 -3.019380640587502e-16
vn -0.46970657043267605 0.8828225969538691 -2.86671839026799e-16
vn -0.09090752288869804 0.9958593386027171 0
vn 0.08781059463583839 0.995866942498088 -0.023201989337353332
vn 0.4537942174412595 0.8830026054632153 -0.1199049913975586
vn 0.4537942174412592 -0.8830026054632154 -0.1199049913975585
vn 0.08781059463583847 -0.995866942498088 -0.023201989337353356
vn -0.08781059463583832 -0.9958669424980879 0.023201989337353318
vn -0.45379421744125936 -0.8830026054632152 0.11990499139755836
vn -0.45379421744125914 0.8830026054632153 0.11990499139755845
vn -0.0878105946358385 0.995866942498088 0.023201989337353356
vn 0.07873046773558935 0.995887717614587 -0.044823736508059736
vn 0.40708762667291715 0.8834949597748553 -0.23176781541499428
vn 0.4070876266729169 -0.8834949597748553 -0.23176781541499408
vn 0.07873046773558941 -0.9958877176145872 -0.04482373650805981
vn -0.07873046773558924 -0.995887717614587 0.0448237365080597
vn -0.40708762667291726 -0.883494959774855 0.23176781541499442
vn -0.40708762667291715 0.883494959774855 0.23176781541499436
vn -0.0787304677355894 0.9958877176145872 0.0448237365080598
vn 0.06428498970304253 0.9959160990527463 -0.06339214262383353
vn 0.3326391883479193 0.884168861165855 -0.3280191996208646
vn 0.3326391883479193 -0.8841688611658551 -0.32801919962086445
vn 0.06428498970304256 -0.9959160990527461 -0.06339214262383362
vn -0.0642849897030425 -0.9959160990527461 0.06339214262383354
vn -0.3326391883479193 -0.8841688611658549 0.32801919962086457
vn -0.3326391883479191 0.884168861165855 0.32801919962086457
vn -0.06428498970304262 0.9959160990527461 0.06339214262383368
vn 0.045457647665248076 0.9959444829175401 -0.07764141430226372
vn 0.23539111155720777 0.8848443070036923 -0.40204673479959735
vn 0.2353911115572075 -0.8848443070036925 -0.40204673479959735
vn 0.04545764766524819 -0.9959444829175402 -0.07764141430226375
vn -0.045457647665248194 -0.9959444829175401 0.07764141430226379
vn -0.23539111155720757 -0.8848443070036927 0.4020467347995971
vn -0.2353911115572076 0.8848443070036925 0.40204673479959674
vn -0.0454576476652483 0.9959444829175402 0.07764141430226391
vn 0.02353110087909781 0.9959652628873091 -0.08659955203828265
vn 0.12191563040175525 0.8853397502247455 -0.44867594735591526
vn 0.12191563040175506 -0.8853397502247454 -0.44867594735591526
vn 0.023531100879097856 -0.995965262887309 -0.08659955203828272
vn -0.023531100879097763 -0.995965262887309 0.0865995520382825
vn -0.12191563040175485 -0.8853397502247455 0.4486759473559155
vn -0.12191563040175496 0.8853397502247454 0.4486759473559152
vn -0.02353110087909784 0.995965262887309 0.08659955203828264
vn 0 0.9959728692093149 -0.08965513816265738
vn 0 0.8855213031966672 -0.46459877484220363
vn 0 -0.8855213031966671 -0.46459877484220335
vn 0 -0.9959728692093149 -0.08965513816265745
vn 0 -0.9959728692093148 0.08965513816265708
vn 0 -0.885521303196667 0.4645987748422036
vn 0 0.8855213031966671 0.46459877484220335
vn 0 0.9959728692093149 0.08965513816265726
vn -0.02353110087909782 0.9959652628873091 -0.0865995520382827
vn -0.12191563040175503 0.8853397502247459 -0.4486759473559145
vn -0.12191563040175478 -0.8853397502247461 -0.4486759473559143
vn -0.023531100879097905 -0.995965262887309 -0.08659955203828275
vn 0.023531100879097728 -0.995965262887309 0.08659955203828243
vn 0.1219156304017545 -0.885339750224746 0.4486759473559146
vn 0.12191563040175468 0.885339750224746 0.4486759473559143
vn 0.02353110087909785 0.995965262887309 0.08659955203828257
vn -0.04545764766524813 0.9959444829175401 -0.07764141430226383
vn -0.2353911115572072 0.8848443070036928 -0.4020467347995966
vn -0.235391111557207 -0.8848443070036929 -0.40204673479959646
vn -0.04545764766524821 -0.9959444829175402 -0.0776414143022639
vn 0.04545764766524822 -0.9959444829175402 0.07764141430226387
vn 0.23539111155720718 -0.8848443070036929 0.4020467347995963
vn 0.23539111155720716 0.884844307003693 0.4020467347995961
vn 0.04545764766524828 0.9959444829175401 0.07764141430226401
vn -0.06428498970304247 0.9959160990527463 -0.06339214262383357
vn -0.33263918834791956 0.8841688611658548 -0.32801919962086534
vn -0.33263918834791945 -0.8841688611658547 -0.32801919962086507
vn -0.06428498970304253 -0.9959160990527461 -0.06339214262383362
vn 0.06428498970304246 -0.9959160990527461 0.0633921426238336
vn 0.3326391883479188 -0.8841688611658551 0.32801919962086473
vn 0.3326391883479187 0.8841688611658551 0.3280191996208646
vn 0.06428498970304261 0.9959160990527461 0.06339214262383369
vn -0.07873046773558921 0.995887717614587 -0.044823736508059715
vn -0.4070876266729172 0.883494959774855 -0.23176781541499472
vn -0.40708762667291715 -0.883494959774855 -0.23176781541499453
vn -0.07873046773558927 -0.9958877176145872 -0.04482373650805981
vn 0.07873046773558932 -0.995887717614587 0.04482373650805978
vn 0.40708762667291726 -0.883494959774855 0.2317678154149948
vn 0.4070876266729173 0.8834949597748551 0.23176781541499453
vn 0.07873046773558945 0.9958877176145872 0.04482373650805991
vn -0.08781059463583839 0.995866942498088 -0.023201989337353353
vn -0.4537942174412595 0.8830026054632152 -0.11990499139755864
vn -0.45379421744125936 -0.8830026054632153 -0.1199049913975586
vn -0.08781059463583848 -0.995866942498088 -0.02320198933735341
vn 0.08781059463583829 -0.9958669424980879 0.023201989337353325
vn 0.4537942174412609 -0.8830026054632144 0.11990499139755859
vn 0.4537942174412607 0.8830026054632146 0.11990499139755896
vn 0.08781059463583843 0.995866942498088 0.0232019893373534
vn -0.09090752288869812 0.995859338602717 -4.5331997801349765e-17
vn -0.46970657043267616 0.8828225969538692 -2.2142124697641692e-16
vn -0.46970657043267616 -0.8828225969538692 -2.3041969582830613e-16
vn -0.09090752288869822 -0.9958593386027169 0
vn 0.09090752288869786 -0.995859338602717 5.639885570439716e-17
vn 0.46970657043267616 -0.882822596953869 3.0193806405875033e-16
vn 0.469706570432676 0.8828225969538691 2.8667183902679926e-16
vn 0.09090752288869804 0.9958593386027171 0
vn -0.08781059463583839 0.995866942498088 0.02320198933735334
vn -0.45379421744125925 0.8830026054632153 0.11990499139755857
vn -0.45379421744125914 -0.8830026054632154 0.11990499139755846
vn -0.08781059463583847 -0.995866942498088 0.023201989337353356
vn 0.08781059463583833 -0.995866942498088 -0.023201989337353335
vn 0.45379421744125936 -0.8830026054632153 -0.1199049913975585
vn 0.4537942174412593 0.8830026054632154 -0.11990499139755856
vn 0.08781059463583848 0.995866942498088 -0.023201989337353367
vn -0.07873046773558928 0.995887717614587 0.04482373650805975
vn -0.4070876266729169 0.883494959774855 0.2317678154149944
vn -0.40708762667291687 -0.8834949597748553 0.2317678154149943
vn -0.0787304677355894 -0.9958877176145872 0.04482373650805982
vn 0.07873046773558923 -0.995887717614587 -0.04482373650805973
vn 0.4070876266729171 -0.8834949597748553 -0.2317678154149944
vn 0.40708762667291687 0.8834949597748554 -0.2317678154149944
vn 0.07873046773558938 0.9958877176145872 -0.04482373650805982
vn -0.06428498970304253 0.9959160990527463 0.06339214262383353
vn -0.3326391883479193 0.884168861165855 0.3280191996208646
vn -0.3326391883479193 -0.8841688611658551 0.32801919962086445
vn -0.06428498970304256 -0.9959160990527461 0.06339214262383362
vn 0.06428498970304253 -0.9959160990527461 -0.06339214262383351
vn 0.3326391883479193 -0.8841688611658549 -0.32801919962086457
vn 0.3326391883479193 0.884168861165855 -0.32801919962086445
vn 0.06428498970304262 0.9959160990527461 -0.06339214262383368
vn -0.04545764766524811 0.9959444829175401 0.07764141430226372
vn -0.23539111155720813 0.8848443070036923 0.402046734799597
vn -0.23539111155720766 -0.8848443070036924 0.40204673479959724
vn -0.04545764766524823 -0.9959444829175402 0.0776414143022637
vn 0.045457647665248256 -0.9959444829175402 -0.07764141430226387
vn 0.23539111155720743 -0.8848443070036931 -0.40204673479959585
vn 0.2353911115572072 0.8848443070036931 -0.4020467347995959
vn 0.045457647665248395 0.9959444829175401 -0.07764141430226397
vn -0.02353110087909787 0.9959652628873091 0.08659955203828264
vn -0.12191563040175493 0.8853397502247462 0.4486759473559141
vn -0.12191563040175497 -0.8853397502247461 0.44867594735591393
vn -0.023531100879097905 -0.995965262887309 0.08659955203828269
vn 0.023531100879097825 -0.995965262887309 -0.08659955203828247
vn 0.12191563040175518 -0.8853397502247451 -0.44867594735591637
vn 0.12191563040175556 0.885339750224745 -0.448675947355916
vn 0.023531100879097877 0.995965262887309 -0.08659955203828262
vn 0 0.9959728692093149 0.08965513816265737
vn 0 0.8855213031966671 0.4645987748422036
vn 0 -0.8855213031966671 0.46459877484220335
vn 0 -0.9959728692093149 0.08965513816265747
vn 0 -0.9959728692093148 -0.08965513816265708
vn 0 -0.8855213031966672 -0.46459877484220363
vn 0 0.8855213031966671 -0.4645987748422033
vn 0 0.9959728692093149 -0.08965513816265726
usemtl m_a818bd0d-43f7-590e-97fd-130de72355b5
f 243/1009/265 244/1010/265 252/1011/265 251/1012/265
f 244/1013/266 245/1014/266 253/1015/266 252/1016/266
f 245/1017/267 246/1018/267 254/1019/267 253/1020/267
f 246/1021/268 247/1022/268 255/1023/268 254/1024/268
f 247/1025/269 248/1026/269 256/1027/269 255/1028/269
f 248/1029/270 249/1030/270 257/1031/270 256/1032/270
f 249/1033/271 250/1034/271 258/1035/271 257/1036/271
f 250/1037/272 243/1038/272 251/1039/272 258/1040/272
f 251/1041/273 252/1042/273 260/1043/273 259/1044/273
f 252/1045/274 253/1046/274 261/1047/274 260/1048/274
f 253/1049/275 254/1050/275 262/1051/275 261/1052/275
f 254/1053/276 255/1054/276 263/1055/276 262/1056/276
f 255/1057/277 256/1058/277 264/1059/277 263/1060/277
f 256/1061/278 257/1062/278 265/1063/278 264/1064/278
f 257/1065/279 258/1066/279 266/1067/279 265/1068/279
f 258/1069/280 251/1070/280 259/1071/280 266/1072/280
f 259/1073/281 260/1074/281 268/1075/281 267/1076/281
f 260/1077/282 261/1078/282 269/1079/282 268/1080/282
f 261/1081/283 262/1082/283 270/1083/283 269/1084/283
f 262/1085/284 263/1086/284 271/1087/284 270/1088/284
f 263/1089/285 264/1090/285 272/1091/285 271/1092/285
f 264/1093/286 265/1094/286 273/1095/286 272/1096/286
f 265/1097/287 266/1098/287 274/1099/287 273/1100/287
f 266/1101/288 259/1102/288 267/1103/288 274/1104/288
f 267/1105/289 268/1106/289 276/1107/289 275/1108/289
f 268/1109/290 269/1110/290 277/1111/290 276/1112/290
f 269/1113/291 270/1114/291 278/1115/291 277/1116/291
f 270/1117/292 271/1118/292 279/1119/292 278/1120/292
f 271/1121/293 272/1122/293 280/1123/293 279/1124/293
f 272/1125/294 273/1126/294 281/1127/294 280/1128/294
f 273/1129/295 274/1130/295 282/1131/295 281/1132/295
f 274/1133/296 267/1134/296 275/1135/296 282/1136/296
f 275/1137/297 276/1138/297 284/1139/297 283/1140/297
f 276/1141/298 277/1142/298 285/1143/298 284/1144/298
f 277/1145/299 278/1146/299 286/1147/299 285/1148/299
f 278/1149/300 279/1150/300 287/1151/300 286/1152/300
f 279/1153/301 280/1154/301 288/1155/301 287/1156/301
f 280/1157/302 281/1158/302 289/1159/302 288/1160/302
f 281/1161/303 282/1162/303 290/1163/303 289/1164/303
f 282/1165/304 275/1166/304 283/1167/304 290/1168/304
f 283/1169/305 284/1170/305 292/1171/305 291/1172/305
f 284/1173/306 285/1174/306 293/1175/306 292/1176/306
f 285/1177/307 286/1178/307 294/1179/307 293/1180/307
f 286/1181/308 287/1182/308 295/1183/308 294/1184/308
f 287/1185/309 288/1186/309 296/1187/309 295/1188/309
f 288/1189/310 289/1190/310 297/1191/310 296/1192/310
f 289/1193/311 290/1194/311 298/1195/311 297/1196/311
f 290/1197/312 283/1198/312 291/1199/312 298/1200/312
f 291/1201/313 292/1202/313 300/1203/313 299/1204/313
f 292/1205/314 293/1206/314 301/1207/314 300/1208/314
f 293/1209/315 294/1210/315 302/1211/315 301/1212/315
f 294/1213/316 295/1214/316 303/1215/316 302/1216/316
f 295/1217/317 296/1218/317 304/1219/317 303/1220/317
f 296/1221/318 297/1222/318 305/1223/318 304/1224/318
f 297/1225/319 298/1226/319 306/1227/319 305/1228/319
f 298/1229/320 291/1230/320 299/1231/320 306/1232/320
f 299/1233/321 300/1234/321 308/1235/321 307/1236/321
f 300/1237/322 301/1238/322 309/1239/322 308/1240/322
f 301/1241/323 302/1242/323 310/1243/323 309/1244/323
f 302/1245/324 303/1246/324 311/1247/324 310/1248/324
f 303/1249/325 304/1250/325 312/1251/325 311/1252/325
f 304/1253/326 305/1254/326 313/1255/326 312/1256/326
f 305/1257/327 306/1258/327 314/1259/327 313/1260/327
f 306/1261/328 299/1262/328 307/1263/328 314/1264/328
f 307/1265/329 308/1266/329 316/1267/329 315/1268/329
f 308/1269/330 309/1270/330 317/1271/330 316/1272/330
f 309/1273/331 310/1274/331 318/1275/331 317/1276/331
f 310/1277/332 311/1278/332 319/1279/332 318/1280/332
f 311/1281/333 312/1282/333 320/1283/333 319/1284/333
f 312/1285/334 313/1286/334 321/1287/334 320/1288/334
f 313/1289/335 314/1290/335 322/1291/335 321/1292/335
f 314/1293/336 307/1294/336 315/1295/336 322/1296/336
f 315/1297/337 316/1298/337 324/1299/337 323/1300/337
f 316/1301/338 317/1302/338 325/1303/338 324/1304/338
f 317/1305/339 318/1306/339 326/1307/339 325/1308/339
f 318/1309/340 319/1310/340 327/1311/340 326/1312/340
f 319/1313/341 320/1314/341 328/1315/341 327/1316/341
f 320/1317/342 321/1318/342 329/1319/342 328/1320/342
f 321/1321/343 322/1322/343 330/1323/343 329/1324/343
f 322/1325/344 315/1326/344 323/1327/344 330/1328/344
f 323/1329/345 324/1330/345 332/1331/345 331/1332/345
f 324/1333/346 325/1334/346 333/1335/346 332/1336/346
f 325/1337/347 326/1338/347 334/1339/347 333/1340/347
f 326/1341/348 327/1342/348 335/1343/348 334/1344/348
f 327/1345/349 328/1346/349 336/1347/349 335/1348/349
f 328/1349/350 329/1350/350 337/1351/350 336/1352/350
f 329/1353/351 330/1354/351 338/1355/351 337/1356/351
f 330/1357/352 323/1358/352 331/1359/352 338/1360/352
f 331/1361/353 332/1362/353 340/1363/353 339/1364/353
f 332/1365/354 333/1366/354 341/1367/354 340/1368/354
f 333/1369/355 334/1370/355 342/1371/355 341/1372/355
f 334/1373/356 335/1374/356 343/1375/356 342/1376/356
f 335/1377/357 336/1378/357 344/1379/357 343/1380/357
f 336/1381/358 337/1382/358 345/1383/358 344/1384/358
f 337/1385/359 338/1386/359 346/1387/359 345/1388/359
f 338/1389/360 331/1390/360 339/1391/360 346/1392/360
f 339/1393/361 340/1394/361 348/1395/361 347/1396/361
f 340/1397/362 341/1398/362 349/1399/362 348/1400/362
f 341/1401/363 342/1402/363 350/1403/363 349/1404/363
f 342/1405/364 343/1406/364 351/1407/364 350/1408/364
f 343/1409/365 344/1410/365 352/1411/365 351/1412/365
f 344/1413/366 345/1414/366 353/1415/366 352/1416/366
f 345/1417/367 346/1418/367 354/1419/367 353/1420/367
f 346/1421/368 339/1422/368 347/1423/368 354/1424/368
f 347/1425/369 348/1426/369 356/1427/369 355/1428/369
f 348/1429/370 349/1430/370 357/1431/370 356/1432/370
f 349/1433/371 350/1434/371 358/1435/371 357/1436/371
f 350/1437/372 351/1438/372 359/1439/372 358/1440/372
f 351/1441/373 352/1442/373 360/1443/373 359/1444/373
f 352/1445/374 353/1446/374 361/1447/374 360/1448/374
f 353/1449/375 354/1450/375 362/1451/375 361/1452/375
f 354/1453/376 347/1454/376 355/1455/376 362/1456/376
f 355/1457/377 356/1458/377 364/1459/377 363/1460/377
f 356/1461/378 357/1462/378 365/1463/378 364/1464/378
f 357/1465/379 358/1466/379 366/1467/379 365/1468/379
f 358/1469/380 359/1470/380 367/1471/380 366/1472/380
f 359/1473/381 360/1474/381 368/1475/381 367/1476/381
f 360/1477/382 361/1478/382 369/1479/382 368/1480/382
f 361/1481/383 362/1482/383 370/1483/383 369/1484/383
f 362/1485/384 355/1486/384 363/1487/384 370/1488/384
f 363/1489/385 364/1490/385 372/1491/385 371/1492/385
f 364/1493/386 365/1494/386 373/1495/386 372/1496/386
f 365/1497/387 366/1498/387 374/1499/387 373/1500/387
f 366/1501/388 367/1502/388 375/1503/388 374/1504/388
f 367/1505/389 368/1506/389 376/1507/389 375/1508/389
f 368/1509/390 369/1510/390 377/1511/390 376/1512/390
f 369/1513/391 370/1514/391 378/1515/391 377/1516/391
f 370/1517/392 363/1518/392 371/1519/392 378/1520/392
f 371/1521/393 372/1522/393 380/1523/393 379/1524/393
f 372/1525/394 373/1526/394 381/1527/394 380/1528/394
f 373/1529/395 374/1530/395 382/1531/395 381/1532/395
f 374/1533/396 375/1534/396 383/1535/396 382/1536/396
f 375/1537/397 376/1538/397 384/1539/397 383/1540/397
f 376/1541/398 377/1542/398 385/1543/398 384/1544/398
f 377/1545/399 378/1546/399 386/1547/399 385/1548/399
f 378/1549/400 371/1550/400 379/1551/400 386/1552/400
f 379/1553/401 380/1554/401 388/1555/401 387/1556/401
f 380/1557/402 381/1558/402 389/1559/402 388/1560/402
f 381/1561/403 382/1562/403 390/1563/403 389/1564/403
f 382/1565/404 383/1566/404 391/1567/404 390/1568/404
f 383/1569/405 384/1570/405 392/1571/405 391/1572/405
f 384/1573/406 385/1574/406 393/1575/406 392/1576/406
f 385/1577/407 386/1578/407 394/1579/407 393/1580/407
f 386/1581/408 379/1582/408 387/1583/408 394/1584/408
f 387/1585/409 388/1586/409 396/1587/409 395/1588/409
f 388/1589/410 389/1590/410 397/1591/410 396/1592/410
f 389/1593/411 390/1594/411 398/1595/411 397/1596/411
f 390/1597/412 391/1598/412 399/1599/412 398/1600/412
f 391/1601/413 392/1602/413 400/1603/413 399/1604/413
f 392/1605/414 393/1606/414 401/1607/414 400/1608/414
f 393/1609/415 394/1610/415 402/1611/415 401/1612/415
f 394/1613/416 387/1614/416 395/1615/416 402/1616/416
f 395/1617/417 396/1618/417 404/1619/417 403/1620/417
f 396/1621/418 397/1622/418 405/1623/418 404/1624/418
f 397/1625/419 398/1626/419 406/1627/419 405/1628/419
f 398/1629/420 399/1630/420 407/1631/420 406/1632/420
f 399/1633/421 400/1634/421 408/1635/421 407/1636/421
f 400/1637/422 401/1638/422 409/1639/422 408/1640/422
f 401/1641/423 402/1642/423 410/1643/423 409/1644/423
f 402/1645/424 395/1646/424 403/1647/424 410/1648/424
f 403/1649/425 404/1650/425 412/1651/425 411/1652/425
f 404/1653/426 405/1654/426 413/1655/426 412/1656/426
f 405/1657/427 406/1658/427 414/1659/427 413/1660/427
f 406/1661/428 407/1662/428 415/1663/428 414/1664/428
f 407/1665/429 408/1666/429 416/1667/429 415/1668/429
f 408/1669/430 409/1670/430 417/1671/430 416/1672/430
f 409/1673/431 410/1674/431 418/1675/431 417/1676/431
f 410/1677/432 403/1678/432 411/1679/432 418/1680/432
f 411/1681/433 412/1682/433 420/1683/433 419/1684/433
f 412/1685/434 413/1686/434 421/1687/434 420/1688/434
f 413/1689/435 414/1690/435 422/1691/435 421/1692/435
f 414/1693/436 415/1694/436 423/1695/436 422/1696/436
f 415/1697/437 416/1698/437 424/1699/437 423/1700/437
f 416/1701/438 417/1702/438 425/1703/438 424/1704/438
f 417/1705/439 418/1706/439 426/1707/439 425/1708/439
f 418/1709/440 411/1710/440 419/1711/440 426/1712/440
f 419/1713/441 420/1714/441 428/1715/441 427/1716/441
f 420/1717/442 421/1718/442 429/1719/442 428/1720/442
f 421/1721/443 422/1722/443 430/1723/443 429/1724/443
f 422/1725/444 423/1726/444 431/1727/444 430/1728/444
f 423/1729/445 424/1730/445 432/1731/445 431/1732/445
f 424/1733/446 425/1734/446 433/1735/446 432/1736/446
f 425/1737/447 426/1738/447 434/1739/447 433/1740/447
f 426/1741/448 419/1742/448 427/1743/448 434/1744/448
f 427/1745/449 428/1746/449 244/1747/449 243/1748/449
f 428/1749/450 429/1750/450 245/1751/450 244/1752/450
f 429/1753/451 430/1754/451 246/1755/451 245/1756/451
f 430/1757/452 431/1758/452 247/1759/452 246/1760/452
f 431/1761/453 432/1762/453 248/1763/453 247/1764/453
f 432/1765/454 433/1766/454 249/1767/454 248/1768/454
f 433/1769/455 434/1770/455 250/1771/455 249/1772/455
f 434/1773/456 427/1774/456 243/1775/456 250/1776/456
o torus
v -0.13517139756844843 1.4974143100362596 0.36931318352670894
v -0.14987610708277338 1.4935951845486328 0.4094891614426054
v -0.15596699719436355 1.484375 0.4261305963769718
v -0.14987610708277338 1.4751548154513672 0.4094891614426054
v -0.13517139756844843 1.4713356899637404 0.36931318352670894
v -0.12046668805412339 1.4751548154513672 0.32913720561081233
v -0.11437579794253322 1.484375 0.3124957706764459
v -0.12046668805412339 1.4935951845486328 0.32913720561081233
v -0.036138567019025264 1.4974143100362596 0.3909030175626611
v -0.040069924834643306 1.4935951845486328 0.43342765979417514
v -0.04169834656041377 1.484375 0.451041943341532
v -0.040069924834643306 1.4751548154513672 0.43342765979417514
v -0.036138567019025264 1.4713356899637404 0.3909030175626611
v -0.032207209203407264 1.4751548154513672 0.348378375331147
v -0.030578787477636774 1.484375 0.3307640917837902
v -0.032207209203407264 1.4935951845486328 0.348378375331147
v 0.06535704715093871 1.4974143100362596 0.38585345694949824
v 0.07246695657228602 1.4935951845486328 0.4278287794038462
v 0.07541197748185233 1.484375 0.44521552724942115
v 0.07246695657228602 1.4751548154513672 0.4278287794038462
v 0.06535704715093871 1.4713356899637404 0.38585345694949824
v 0.058247137729591336 1.4751548154513672 0.34387813449515037
v 0.05530211682002506 1.484375 0.32649138664957544
v 0.058247137729591336 1.4935951845486328 0.34387813449515037
v 0.16239868656519335 1.4974143100362596 0.35450862089821406
v 0.18006533464612207 1.4935951845486328 0.3930740747176322
v 0.18738309988291543 1.484375 0.4090484087287085
v 0.18006533464612207 1.4751548154513672 0.3930740747176322
v 0.16239868656519335 1.4713356899637404 0.35450862089821406
v 0.1447320384842646 1.4751548154513672 0.3159431670787959
v 0.13741427324747124 1.484375 0.2999688330677196
v 0.1447320384842646 1.4935951845486328 0.3159431670787959
v 0.24837312386654892 1.4974143100362596 0.2990046081859127
v 0.27539255773586013 1.4935951845486328 0.33153202142503346
v 0.2865843736921718 1.484375 0.3450053171375915
v 0.27539255773586013 1.4751548154513672 0.33153202142503346
v 0.24837312386654892 1.4713356899637404 0.2990046081859127
v 0.2213536899972377 1.4751548154513672 0.2664771949467918
v 0.21016187404092598 1.484375 0.2530038992342338
v 0.2213536899972377 1.4935951845486328 0.2664771949467918
v 0.31742134323239346 1.4974143100362596 0.22312392555421956
v 0.3519522331236192 1.4935951845486328 0.2473966087548889
v 0.36625539603737695 1.484375 0.2574506833317918
v 0.3519522331236192 1.4751548154513672 0.2473966087548889
v 0.31742134323239346 1.4713356899637404 0.22312392555421956
v 0.2828904533411675 1.4751548154513672 0.19885124235355017
v 0.26858729042740975 1.484375 0.1887971677766473
v 0.2828904533411675 1.4935951845486328 0.19885124235355017
v 0.36483782262052217 1.4974143100362596 0.1320377161257275
v 0.40452694545256923 1.4935951845486328 0.14640152604032539
v 0.4209667184082948 1.484375 0.152351210914301
v 0.40452694545256923 1.4751548154513672 0.14640152604032539
v 0.36483782262052217 1.4713356899637404 0.1320377161257275
v 0.3251486997884751 1.4751548154513672 0.11767390621112964
v 0.30870892683274953 1.484375 0.11172422133715407
v 0.3251486997884751 1.4935951845486328 0.11767390621112964
v 0.38739120732007143 1.4974143100362596 0.03195335454590992
v 0.4295338149613124 1.4935951845486328 0.03542942126607471
v 0.44698985460008245 1.484375 0.0368692552452807
v 0.4295338149613124 1.4751548154513672 0.03542942126607471
v 0.38739120732007143 1.4713356899637404 0.03195335454590992
v 0.3452485996788305 1.4751548154513672 0.0284772878257452
v 0.3277925600400604 1.484375 0.027037453846539175
v 0.3452485996788305 1.4935951845486328 0.0284772878257452
v 0.38354452143499734 1.4974143100362596 -0.07030857534079626
v 0.42526866481863357 1.4935951845486328 -0.07795714001757204
v 0.4425513708865354 1.484375 -0.08112527923938029
v 0.42526866481863357 1.4751548154513672 -0.07795714001757204
v 0.38354452143499734 1.4713356899637404 -0.07030857534079626
v 0.3418203780513611 1.4751548154513672 -0.0626600106640205
v 0.3245376719834593 1.484375 -0.05949187144221224
v 0.3418203780513611 1.4935951845486328 -0.0626600106640205
v 0.35355991025141875 1.4974143100362596 -0.1677790920084415
v 0.3920221579582627 1.4935951845486328 -0.18603105103928624
v 0.4079537425977909 1.484375 -0.19359126000974017
v 0.3920221579582627 1.4751548154513672 -0.18603105103928624
v 0.35355991025141875 1.4713356899637404 -0.1677790920084415
v 0.3150976625445749 1.4751548154513672 -0.1495271329775968
v 0.2991660779050466 1.484375 -0.1419669240071428
v 0.3150976625445749 1.4935951845486328 -0.1495271329775968
v 0.2994807754695835 1.4974143100362596 -0.25381574082377084
v 0.3320599888802833 1.4935951845486328 -0.2814272533635208
v 0.34555474092644256 1.484375 -0.29286431633512017
v 0.3320599888802833 1.4751548154513672 -0.2814272533635208
v 0.2994807754695835 1.4713356899637404 -0.25381574082377084
v 0.2669015620588838 1.4751548154513672 -0.22620422828402076
v 0.2534068100127245 1.484375 -0.21476716531242146
v 0.2669015620588838 1.4935951845486328 -0.22620422828402076
v 0.22499252075487808 1.4974143100362596 -0.32255526635230414
v 0.24946848031519026 1.4935951845486328 -0.3576446534515575
v 0.259606754717167 1.484375 -0.3721791534834279
v 0.24946848031519026 1.4751548154513672 -0.3576446534515575
v 0.22499252075487808 1.4713356899637404 -0.32255526635230414
v 0.20051656119456587 1.4751548154513672 -0.2874658792530507
v 0.1903782867925891 1.484375 -0.2729313792211803
v 0.20051656119456587 1.4935951845486328 -0.2874658792530507
v 0.13517139756844837 1.4974143100362596 -0.36931318352670894
v 0.14987610708277332 1.4935951845486328 -0.40948916144260544
v 0.15596699719436347 1.484375 -0.42613059637697187
v 0.14987610708277332 1.4751548154513672 -0.40948916144260544
v 0.13517139756844837 1.4713356899637404 -0.36931318352670894
v 0.12046668805412333 1.4751548154513672 -0.3291372056108124
v 0.11437579794253318 1.484375 -0.3124957706764459
v 0.12046668805412333 1.4935951845486328 -0.3291372056108124
v 0.03613856701902532 1.4974143100362596 -0.3909030175626611
v 0.04006992483464336 1.4935951845486328 -0.4334276597941752
v 0.04169834656041385 1.484375 -0.4510419433415321
v 0.04006992483464336 1.4751548154513672 -0.4334276597941752
v 0.03613856701902532 1.4713356899637404 -0.3909030175626611
v 0.03220720920340732 1.4751548154513672 -0.348378375331147
v 0.030578787477636857 1.484375 -0.3307640917837902
v 0.03220720920340732 1.4935951845486328 -0.348378375331147
v -0.06535704715093851 1.4974143100362596 -0.3858534569494983
v -0.07246695657228583 1.4935951845486328 -0.4278287794038463
v -0.07541197748185213 1.484375 -0.44521552724942115
v -0.07246695657228583 1.4751548154513672 -0.4278287794038463
v -0.06535704715093851 1.4713356899637404 -0.3858534569494983
v -0.0582471377295912 1.4751548154513672 -0.34387813449515037
v -0.055302116820024894 1.484375 -0.3264913866495755
v -0.0582471377295912 1.4935951845486328 -0.34387813449515037
v -0.1623986865651932 1.4974143100362596 -0.35450862089821406
v -0.18006533464612196 1.4935951845486328 -0.3930740747176322
v -0.18738309988291527 1.484375 -0.40904840872870857
v -0.18006533464612196 1.4751548154513672 -0.3930740747176322
v -0.1623986865651932 1.4713356899637404 -0.35450862089821406
v -0.14473203848426452 1.4751548154513672 -0.31594316707879594
v -0.13741427324747119 1.484375 -0.2999688330677196
v -0.14473203848426452 1.4935951845486328 -0.31594316707879594
v -0.2483731238665487 1.4974143100362596 -0.2990046081859128
v -0.2753925577358599 1.4935951845486328 -0.3315320214250336
v -0.2865843736921716 1.484375 -0.3450053171375917
v -0.2753925577358599 1.4751548154513672 -0.3315320214250336
v -0.2483731238665487 1.4713356899637404 -0.2990046081859128
v -0.22135368999723753 1.4751548154513672 -0.26647719494679195
v -0.21016187404092584 1.484375 -0.25300389923423394
v -0.22135368999723753 1.4935951845486328 -0.26647719494679195
v -0.31742134323239346 1.4974143100362596 -0.22312392555421953
v -0.3519522331236192 1.4935951845486328 -0.24739660875488886
v -0.366255396037377 1.484375 -0.2574506833317918
v -0.3519522331236192 1.4751548154513672 -0.24739660875488886
v -0.31742134323239346 1.4713356899637404 -0.22312392555421953
v -0.2828904533411675 1.4751548154513672 -0.19885124235355012
v -0.26858729042740975 1.484375 -0.18879716777664726
v -0.2828904533411675 1.4935951845486328 -0.19885124235355012
v -0.36483782262052217 1.4974143100362596 -0.13203771612572757
v -0.4045269454525692 1.4935951845486328 -0.14640152604032544
v -0.4209667184082948 1.484375 -0.15235121091430104
v -0.4045269454525692 1.4751548154513672 -0.14640152604032544
v -0.36483782262052217 1.4713356899637404 -0.13203771612572757
v -0.3251486997884751 1.4751548154513672 -0.11767390621112969
v -0.3087089268327495 1.484375 -0.1117242213371541
v -0.3251486997884751 1.4935951845486328 -0.11767390621112969
v -0.38739120732007143 1.4974143100362596 -0.03195335454590978
v -0.4295338149613124 1.4935951845486328 -0.03542942126607454
v -0.44698985460008245 1.484375 -0.036869255245280536
v -0.4295338149613124 1.4751548154513672 -0.03542942126607454
v -0.38739120732007143 1.4713356899637404 -0.03195335454590978
v -0.3452485996788305 1.4751548154513672 -0.028477287825745073
v -0.3277925600400604 1.484375 -0.027037453846539078
v -0.3452485996788305 1.4935951845486328 -0.028477287825745073
v -0.3835445214349973 1.4974143100362596 0.07030857534079621
v -0.42526866481863357 1.4935951845486328 0.07795714001757198
v -0.4425513708865354 1.484375 0.08112527923938023
v -0.42526866481863357 1.4751548154513672 0.07795714001757198
v -0.3835445214349973 1.4713356899637404 0.07030857534079621
v -0.34182037805136106 1.4751548154513672 0.06266001066402044
v -0.32453767198345923 1.484375 0.059491871442212185
v -0.34182037805136106 1.4935951845486328 0.06266001066402044
v -0.3535599102514187 1.4974143100362596 0.16777909200844143
v -0.3920221579582627 1.4935951845486328 0.1860310510392862
v -0.4079537425977908 1.484375 0.1935912600097401
v -0.3920221579582627 1.4751548154513672 0.1860310510392862
v -0.3535599102514187 1.4713356899637404 0.16777909200844143
v -0.3150976625445749 1.4751548154513672 0.1495271329775968
v -0.2991660779050466 1.484375 0.14196692400714275
v -0.3150976625445749 1.4935951845486328 0.1495271329775968
v -0.29948077546958374 1.4974143100362596 0.2538157408237707
v -0.33205998888028343 1.4935951845486328 0.2814272533635207
v -0.3455547409264428 1.484375 0.29286431633512
v -0.33205998888028343 1.4751548154513672 0.2814272533635207
v -0.29948077546958374 1.4713356899637404 0.2538157408237707
v -0.26690156205888393 1.4751548154513672 0.22620422828402062
v -0.25340681001272464 1.484375 0.21476716531242135
v -0.26690156205888393 1.4935951845486328 0.22620422828402062
v -0.22499252075487813 1.4974143100362596 0.32255526635230414
v -0.24946848031519028 1.4935951845486328 0.35764465345155744
v -0.25960675471716704 1.484375 0.37217915348342784
v -0.24946848031519028 1.4751548154513672 0.35764465345155744
v -0.22499252075487813 1.4713356899637404 0.32255526635230414
v -0.2005165611945659 1.4751548154513672 0.2874658792530507
v -0.1903782867925891 1.484375 0.2729313792211803
v -0.2005165611945659 1.4935951845486328 0.2874658792530507
vt 0.13837031249999998 0.7749469207392412
vt 0.13982499999999998 0.7629734832392412
vt 0.16861243299568895 0.7700732157355202
vt 0.16433300897387332 0.7813499994671775
vt 0.5617 0.748004250846305
vt 0.562303125 0.7359573758463049
vt 0.5930050800184136 0.7390392781987183
vt 0.5912017368052165 0.7509656737265661
vt 0.577928125 0.6702926241536951
vt 0.577325 0.658245749153695
vt 0.6068267368052165 0.6552843262734339
vt 0.6086300800184135 0.6672107218012817
vt 0.327325 0.7839015167607587
vt 0.3258703125 0.7719280792607588
vt 0.3518330089738733 0.7655250005328225
vt 0.35611243299568895 0.7768017842644797
vt 0.5157071462676418 0.995018539620765
vt 0.5114482160730438 0.9837339999807706
vt 0.5325667397217284 0.9726915167698958
vt 0.5394038689088421 0.9826279641112639
vt 0.074021875 0.5625
vt 0.0746234375 0.574546875
vt 0.052107879137671044 0.5768011315621915
vt 0.05030917674407946 0.5648741141476692
vt 0.0746234375 0.722328125
vt 0.074021875 0.734375
vt 0.05030917674407946 0.7320008858523308
vt 0.052107879137671044 0.7200738684378085
vt 0.5583232160730438 0.3912660000192294
vt 0.5625821462676418 0.37998146037923497
vt 0.5862788689088421 0.39237203588873615
vt 0.5794417397217284 0.40230848323010415
vt 0.16433300897387332 0.7813499994671775
vt 0.16861243299568895 0.7700732157355202
vt 0.19486235194889495 0.7838595950625994
vt 0.18800718229623675 0.7937836048531194
vt 0.5912017368052165 0.7509656737265661
vt 0.5930050800184136 0.7390392781987183
vt 0.6232456931792116 0.7451722611370171
vt 0.6202601667899899 0.7568589026225129
vt 0.6086300800184135 0.6672107218012817
vt 0.6068267368052165 0.6552843262734339
vt 0.6358851667899899 0.6493910973774871
vt 0.6388706931792116 0.6610777388629829
vt 0.35611243299568895 0.7768017842644797
vt 0.3518330089738733 0.7655250005328225
vt 0.3755071822962367 0.7530913951468805
vt 0.38236235194889495 0.7630154049374005
vt 0.5394038689088421 0.9826279641112639
vt 0.5325667397217284 0.9726915167698958
vt 0.5504267534691993 0.9569134184845306
vt 0.5594442751030605 0.9649236385109662
vt 0.05030917674407946 0.5648741141476692
vt 0.052107879137671044 0.5768011315621915
vt 0.029928900732732147 0.5812872164843569
vt 0.0269509542173478 0.5695987217455746
vt 0.052107879137671044 0.7200738684378085
vt 0.05030917674407946 0.7320008858523308
vt 0.02695095421734779 0.7272762782544254
vt 0.029928900732732147 0.7155877835156431
vt 0.5794417397217284 0.40230848323010415
vt 0.5862788689088421 0.39237203588873615
vt 0.6063192751030605 0.4100763614890339
vt 0.5973017534691993 0.4180865815154695
vt 0.18800718229623675 0.7937836048531194
vt 0.19486235194889495 0.7838595950625994
vt 0.21704745069065512 0.8035304845650686
vt 0.20801539160623272 0.8115243090555465
vt 0.6202601667899899 0.7568589026225129
vt 0.6232456931792116 0.7451722611370171
vt 0.6527225314355525 0.7542949893732427
vt 0.6485846797914241 0.765625
vt 0.6388706931792116 0.6610777388629829
vt 0.6358851667899899 0.6493910973774871
vt 0.6642096797914241 0.640625
vt 0.6683475314355525 0.6519550106267573
vt 0.38236235194889495 0.7630154049374005
vt 0.3755071822962367 0.7530913951468805
vt 0.3955153916062327 0.7353506909444534
vt 0.4045474506906551 0.7433445154349314
vt 0.5594442751030605 0.9649236385109662
vt 0.5504267534691993 0.9569134184845306
vt 0.5639891032813853 0.9373177265055674
vt 0.5746623484498838 0.9429356584081616
vt 0.0269509542173478 0.5695987217455746
vt 0.029928900732732147 0.5812872164843569
vt 0.008307166880771558 0.5879604965062506
vt 0.004179604630957595 0.5766268164074945
vt 0.029928900732732154 0.7155877835156431
vt 0.02695095421734779 0.7272762782544254
vt 0.004179604630957595 0.7202481835925055
vt 0.008307166880771572 0.7089145034937494
vt 0.5973017534691993 0.4180865815154694
vt 0.6063192751030605 0.4100763614890339
vt 0.6215373484498838 0.4320643415918384
vt 0.6108641032813853 0.43768227349443256
vt 0.20801539160623272 0.8115243090555465
vt 0.21704745069065512 0.8035304845650686
vt 0.23387692759115325 0.8279413675326222
vt 0.22319349382351372 0.8335398998600739
vt 0.051614833210010105 0.875
vt 0.04862930682078834 0.8633133585145043
vt 0.07886991998158646 0.8571803755762055
vt 0.0806732631947835 0.8691067711040532
vt 0.23612930682078834 0.6523116414854957
vt 0.2391148332100101 0.640625
vt 0.2681732631947835 0.6465182288959468
vt 0.26636991998158643 0.6584446244237945
vt 0.4045474506906551 0.7433445154349314
vt 0.3955153916062327 0.7353506909444534
vt 0.41069349382351367 0.713335100139926
vt 0.4213769275911532 0.7189336324673777
vt 0.5746623484498838 0.9429356584081616
vt 0.5639891032813853 0.9373177265055674
vt 0.5724646872730303 0.9150445823053637
vt 0.5841726516516288 0.9179433564253209
vt 0.5746115457826522 0.4914737217455746
vt 0.5716335992672679 0.5031622164843569
vt 0.549454620862329 0.4986761315621915
vt 0.5512533232559206 0.4867491141476692
vt 0.5247585992672679 0.9030877835156431
vt 0.5277365457826522 0.9147762782544254
vt 0.5043783232559206 0.9195008858523308
vt 0.502579620862329 0.9075738684378085
vt 0.6108641032813853 0.43768227349443256
vt 0.6215373484498838 0.4320643415918384
vt 0.6310476516516288 0.4570566435746791
vt 0.6193396872730303 0.4599554176946363
vt 0.22319349382351372 0.8335398998600739
vt 0.23387692759115325 0.8279413675326222
vt 0.24437158862177638 0.8556719389268852
vt 0.2326583773014903 0.8585494381632683
vt 0.0806732631947835 0.8691067711040532
vt 0.07886991998158646 0.8571803755762055
vt 0.109571875 0.8540984732237921
vt 0.110175 0.866145348223792
vt 0.26636991998158643 0.6584446244237945
vt 0.2681732631947835 0.6465182288959468
vt 0.297675 0.6494796517762079
vt 0.297071875 0.6615265267762079
vt 0.4213769275911532 0.7189336324673777
vt 0.41069349382351367 0.713335100139926
vt 0.4201583773014903 0.6883255618367315
vt 0.4318715886217763 0.6912030610731147
vt 0.5841726516516288 0.9179433564253209
vt 0.5724646872730303 0.9150445823053637
vt 0.575360368237156 0.8913899102865742
vt 0.5874218441522874 0.8914008664614104
vt 0.5512533232559206 0.4867491141476692
vt 0.549454620862329 0.4986761315621915
vt 0.5269390625 0.496421875
vt 0.527540625 0.484375
vt 0.502579620862329 0.9075738684378085
vt 0.5043783232559206 0.9195008858523308
vt 0.480665625 0.921875
vt 0.4800640625 0.909828125
vt 0.6193396872730303 0.4599554176946363
vt 0.6310476516516288 0.4570566435746791
vt 0.6342968441522874 0.48359913353858963
vt 0.622235368237156 0.4836100897134258
vt 0.2326583773014903 0.8585494381632683
vt 0.24437158862177638 0.8556719389268852
vt 0.24792082006741867 0.8851087433754877
vt 0.23585934415228726 0.8850977872006516
vt 0.110175 0.866145348223792
vt 0.109571875 0.8540984732237921
vt 0.14042812500000001 0.8540984732237921
vt 0.139825 0.866145348223792
vt 0.297071875 0.6615265267762079
vt 0.297675 0.6494796517762079
vt 0.327325 0.6494796517762079
vt 0.327928125 0.6615265267762079
vt 0.4318715886217763 0.6912030610731147
vt 0.4201583773014903 0.6883255618367315
vt 0.42335934415228726 0.6617772127993484
vt 0.43542082006741867 0.6617662566245122
vt 0.5874218441522874 0.8914008664614104
vt 0.575360368237156 0.8913899102865742
vt 0.5725076659812043 0.8677300166604104
vt 0.5842208773014903 0.8648525174240272
vt 0.527540625 0.484375
vt 0.5269390625 0.496421875
vt 0.5043109375 0.496421875
vt 0.503709375 0.484375
vt 0.4800640625 0.909828125
vt 0.480665625 0.921875
vt 0.456834375 0.921875
vt 0.4574359375 0.909828125
vt 0.622235368237156 0.4836100897134258
vt 0.6342968441522874 0.48359913353858963
vt 0.6310958773014903 0.5101474825759728
vt 0.6193826659812043 0.5072699833395896
vt 0.23585934415228726 0.8850977872006516
vt 0.24792082006741867 0.8851087433754877
vt 0.24431811603022696 0.9145390512845193
vt 0.23261015165162857 0.9116402771645621
vt 0.139825 0.866145348223792
vt 0.14042812500000001 0.8540984732237921
vt 0.17113008001841354 0.8571803755762055
vt 0.16932673680521648 0.8691067711040532
vt 0.327928125 0.6615265267762079
vt 0.327325 0.6494796517762079
vt 0.3568267368052165 0.6465182288959468
vt 0.35863008001841357 0.6584446244237945
vt 0.43542082006741867 0.6617662566245122
vt 0.42335934415228726 0.6617772127993484
vt 0.4201101516516285 0.6352347228354379
vt 0.4318181160302269 0.6323359487154807
vt 0.5842208773014903 0.8648525174240272
vt 0.5725076659812043 0.8677300166604104
vt 0.5640725600558741 0.8454415114482846
vt 0.5747559938235136 0.8398429791208328
vt 0.503709375 0.484375
vt 0.5043109375 0.496421875
vt 0.48179537913767106 0.4986761315621915
vt 0.4799966767440795 0.4867491141476692
vt 0.4574359375 0.909828125
vt 0.456834375 0.921875
vt 0.4331216767440795 0.9195008858523308
vt 0.43492037913767106 0.9075738684378085
vt 0.6193826659812043 0.5072699833395896
vt 0.6310958773014903 0.5101474825759728
vt 0.6216309938235136 0.5351570208791672
vt 0.6109475600558741 0.5295584885517154
vt 0.23261015165162857 0.9116402771645621
vt 0.24431811603022696 0.9145390512845193
vt 0.23377309361838194 0.9422505110499969
vt 0.2230998484498834 0.9366325791474027
vt 0.16932673680521648 0.8691067711040532
vt 0.17113008001841354 0.8571803755762055
vt 0.20137069317921166 0.8633133585145043
vt 0.19838516678998988 0.875
vt 0.35863008001841357 0.6584446244237945
vt 0.3568267368052165 0.6465182288959468
vt 0.38588516678998985 0.640625
vt 0.38887069317921164 0.6523116414854957
vt 0.4318181160302269 0.6323359487154807
vt 0.4201101516516285 0.6352347228354379
vt 0.4105998484498834 0.6102424208525973
vt 0.4212730936183819 0.604624488950003
vt 0.5747559938235136 0.8398429791208328
vt 0.5640725600558741 0.8454415114482846
vt 0.5505458325218102 0.8258212128067833
vt 0.5595778916062326 0.8178273883163054
vt 0.4799966767440795 0.4867491141476692
vt 0.48179537913767106 0.4986761315621915
vt 0.45961640073273213 0.5031622164843569
vt 0.4566384542173478 0.4914737217455746
vt 0.43492037913767106 0.9075738684378085
vt 0.4331216767440795 0.9195008858523308
vt 0.4097634542173478 0.9147762782544254
vt 0.41274140073273213 0.9030877835156431
vt 0.6109475600558741 0.5295584885517154
vt 0.6216309938235136 0.5351570208791672
vt 0.6064528916062326 0.5571726116836946
vt 0.5974208325218102 0.5491787871932168
vt 0.2230998484498834 0.9366325791474027
vt 0.23377309361838194 0.9422505110499969
vt 0.21689929673692093 0.9666307792766429
vt 0.20788177510305988 0.9586205592502072
vt 0.0076653202085759375 0.546875
vt 0.0035274685644475917 0.5355449893732427
vt 0.03300430682078834 0.5264222611370171
vt 0.035989833210010105 0.5381089026225129
vt 0.4566524685644476 0.6988300106267573
vt 0.4607903202085759 0.6875
vt 0.4891148332100101 0.6962660973774871
vt 0.48612930682078836 0.7079527388629829
vt 0.4212730936183819 0.604624488950003
vt 0.4105998484498834 0.6102424208525973
vt 0.39538177510305983 0.5882544407497928
vt 0.4043992967369209 0.5802442207233571
vt 0.5595778916062326 0.8178273883163054
vt 0.5505458325218102 0.8258212128067833
vt 0.5327145126435785 0.8100106939043982
vt 0.5395696822962367 0.8000866841138782
vt 0.1676953953690424 0.6235018164074945
vt 0.16356783311922843 0.6348354965062506
vt 0.14194609926726784 0.6281622164843569
vt 0.1449240457826522 0.6164737217455746
vt 0.16356783311922843 0.6620395034937494
vt 0.1676953953690424 0.6733731835925055
vt 0.1449240457826522 0.6804012782544254
vt 0.14194609926726784 0.6687127835156431
vt 0.5974208325218102 0.5491787871932168
vt 0.6064528916062326 0.5571726116836946
vt 0.5864446822962367 0.5749133158861218
vt 0.5795895126435785 0.5649893060956018
vt 0.20788177510305988 0.9586205592502072
vt 0.21689929673692093 0.9666307792766429
vt 0.194678498095955 0.9862613321918728
vt 0.18784136890884134 0.9763248848505047
vt 0.035989833210010105 0.5381089026225129
vt 0.03300430682078834 0.5264222611370171
vt 0.06324491998158646 0.5202892781987183
vt 0.0650482631947835 0.5322156737265661
vt 0.48612930682078836 0.7079527388629829
vt 0.4891148332100101 0.6962660973774871
vt 0.5181732631947835 0.7021593262734339
vt 0.5163699199815864 0.7140857218012817
vt 0.4043992967369209 0.5802442207233571
vt 0.39538177510305983 0.5882544407497928
vt 0.3753413689088413 0.5705501151494953
vt 0.38217849809595494 0.5606136678081272
vt 0.5395696822962367 0.8000866841138782
vt 0.5327145126435785 0.8100106939043982
vt 0.5116160849520577 0.7989298624595936
vt 0.5158955089738733 0.7876530787279363
vt 0.1449240457826522 0.6164737217455746
vt 0.14194609926726784 0.6281622164843569
vt 0.11976712086232896 0.6236761315621915
vt 0.12156582325592054 0.6117491141476692
vt 0.14194609926726784 0.6687127835156431
vt 0.1449240457826522 0.6804012782544254
vt 0.12156582325592054 0.6851258858523308
vt 0.11976712086232896 0.6731988684378085
vt 0.5795895126435785 0.5649893060956018
vt 0.5864446822962367 0.5749133158861218
vt 0.5627705089738733 0.5873469212720637
vt 0.5584910849520577 0.5760701375404064
vt 0.18784136890884134 0.9763248848505047
vt 0.194678498095955 0.9862613321918728
vt 0.16840357646223875 1
vt 0.16414464626764091 0.9887154603600056
vt 0.0650482631947835 0.5322156737265661
vt 0.06324491998158646 0.5202892781987183
vt 0.093946875 0.5172073758463049
vt 0.09455 0.529254250846305
vt 0.5163699199815864 0.7140857218012817
vt 0.5181732631947835 0.7021593262734339
vt 0.547675 0.705120749153695
vt 0.547071875 0.7171676241536951
vt 0.38217849809595494 0.5606136678081272
vt 0.3753413689088413 0.5705501151494953
vt 0.35164464626764086 0.5581595396399944
vt 0.3559035764622387 0.546875
vt 0.5158955089738733 0.7876530787279363
vt 0.5116160849520577 0.7989298624595936
vt 0.488478125 0.7932234375
vt 0.4899328125 0.78125
vt 0.12156582325592054 0.6117491141476692
vt 0.11976712086232896 0.6236761315621915
vt 0.0972515625 0.621421875
vt 0.097853125 0.609375
vt 0.11976712086232896 0.6731988684378085
vt 0.12156582325592054 0.6851258858523308
vt 0.097853125 0.6875
vt 0.0972515625 0.675453125
vt 0.5584910849520577 0.5760701375404064
vt 0.5627705089738733 0.5873469212720637
vt 0.5368078125 0.59375
vt 0.535353125 0.5817765625
vt 0.0803796875 0.953125
vt 0.078925 0.9375
vt 0.108575 0.9375
vt 0.10712031250000001 0.953125
vt 0.09455 0.529254250846305
vt 0.093946875 0.5172073758463049
vt 0.124803125 0.5172073758463049
vt 0.1242 0.529254250846305
vt 0.547071875 0.7171676241536951
vt 0.547675 0.705120749153695
vt 0.577325 0.705120749153695
vt 0.577928125 0.7171676241536951
vt 0.110175 1
vt 0.1116296875 0.984375
vt 0.1383703125 0.984375
vt 0.139825 1
vt 0.4899328125 0.78125
vt 0.488478125 0.7932234375
vt 0.464646875 0.7932234375
vt 0.4631921875 0.78125
vt 0.097853125 0.609375
vt 0.0972515625 0.621421875
vt 0.0746234375 0.621421875
vt 0.074021875 0.609375
vt 0.0972515625 0.675453125
vt 0.097853125 0.6875
vt 0.074021875 0.6875
vt 0.0746234375 0.675453125
vt 0.535353125 0.5817765625
vt 0.5368078125 0.59375
vt 0.5100671875 0.59375
vt 0.511521875 0.5817765625
vt 0.0858553537323591 0.9887154603600056
vt 0.08159642353776127 1
vt 0.055321501904045 0.9862613321918728
vt 0.062158631091158656 0.9763248848505047
vt 0.1242 0.529254250846305
vt 0.124803125 0.5172073758463049
vt 0.15550508001841357 0.5202892781987183
vt 0.15370173680521648 0.5322156737265661
vt 0.577928125 0.7171676241536951
vt 0.577325 0.705120749153695
vt 0.6068267368052165 0.7021593262734339
vt 0.6086300800184135 0.7140857218012817
vt 0.2690964235377613 0.546875
vt 0.27335535373235914 0.5581595396399944
vt 0.2496586310911587 0.5705501151494953
vt 0.24282150190404506 0.5606136678081272
vt 0.4631921875 0.78125
vt 0.464646875 0.7932234375
vt 0.44150891504794226 0.7989298624595936
vt 0.4372294910261267 0.7876530787279363
vt 0.074021875 0.609375
vt 0.0746234375 0.621421875
vt 0.052107879137671044 0.6236761315621915
vt 0.05030917674407946 0.6117491141476692
vt 0.0746234375 0.675453125
vt 0.074021875 0.6875
vt 0.05030917674407946 0.6851258858523308
vt 0.052107879137671044 0.6731988684378085
vt 0.511521875 0.5817765625
vt 0.5100671875 0.59375
vt 0.4841044910261267 0.5873469212720637
vt 0.48838391504794226 0.5760701375404064
vt 0.06215863109115864 0.9763248848505047
vt 0.055321501904045 0.9862613321918728
vt 0.033100703263079054 0.9666307792766429
vt 0.0421182248969401 0.9586205592502072
vt 0.15370173680521648 0.5322156737265661
vt 0.15550508001841357 0.5202892781987183
vt 0.18574569317921164 0.5264222611370171
vt 0.1827601667899899 0.5381089026225129
vt 0.6086300800184135 0.7140857218012817
vt 0.6068267368052165 0.7021593262734339
vt 0.6358851667899899 0.6962660973774871
vt 0.6388706931792116 0.7079527388629829
vt 0.24282150190404506 0.5606136678081272
vt 0.2496586310911587 0.5705501151494953
vt 0.22961822489694014 0.5882544407497928
vt 0.22060070326307912 0.5802442207233571
vt 0.4372294910261267 0.7876530787279363
vt 0.44150891504794226 0.7989298624595936
vt 0.4204104873564215 0.8100106939043982
vt 0.4135553177037633 0.8000866841138782
vt 0.05030917674407946 0.6117491141476692
vt 0.052107879137671044 0.6236761315621915
vt 0.029928900732732147 0.6281622164843569
vt 0.0269509542173478 0.6164737217455746
vt 0.052107879137671044 0.6731988684378085
vt 0.05030917674407946 0.6851258858523308
vt 0.02695095421734779 0.6804012782544254
vt 0.029928900732732147 0.6687127835156431
vt 0.4883839150479423 0.5760701375404064
vt 0.4841044910261267 0.5873469212720637
vt 0.4604303177037633 0.5749133158861218
vt 0.4672854873564215 0.5649893060956018
vt 0.0421182248969401 0.9586205592502072
vt 0.033100703263079054 0.9666307792766429
vt 0.016226906381618084 0.9422505110499969
vt 0.02690015155011659 0.9366325791474027
vt 0.1827601667899899 0.5381089026225129
vt 0.18574569317921164 0.5264222611370171
vt 0.21522253143555242 0.5355449893732427
vt 0.21108467979142403 0.546875
vt 0.6388706931792116 0.7079527388629829
vt 0.6358851667899899 0.6962660973774871
vt 0.6642096797914241 0.6875
vt 0.6683475314355525 0.6988300106267573
vt 0.2206007032630791 0.5802442207233571
vt 0.22961822489694014 0.5882544407497928
vt 0.2144001515501166 0.6102424208525973
vt 0.2037269063816181 0.604624488950003
vt 0.4135553177037633 0.8000866841138782
vt 0.4204104873564215 0.8100106939043982
vt 0.4025791674781898 0.8258212128067833
vt 0.39354710839376733 0.8178273883163054
vt 0.0269509542173478 0.6164737217455746
vt 0.029928900732732147 0.6281622164843569
vt 0.008307166880771558 0.6348354965062506
vt 0.004179604630957595 0.6235018164074945
vt 0.029928900732732154 0.6687127835156431
vt 0.02695095421734779 0.6804012782544254
vt 0.004179604630957595 0.6733731835925055
vt 0.008307166880771572 0.6620395034937494
vt 0.4672854873564215 0.5649893060956018
vt 0.4604303177037633 0.5749133158861218
vt 0.44042210839376733 0.5571726116836946
vt 0.4494541674781898 0.5491787871932168
vt 0.02690015155011659 0.9366325791474027
vt 0.016226906381618084 0.9422505110499969
vt 0.005681883969773066 0.9145390512845193
vt 0.017389848348371456 0.9116402771645621
vt 0.051614833210010105 0.921875
vt 0.04862930682078834 0.9101883585145043
vt 0.07886991998158646 0.9040553755762055
vt 0.0806732631947835 0.9159817711040532
vt 0.23612930682078834 0.6991866414854957
vt 0.2391148332100101 0.6875
vt 0.2681732631947835 0.6933932288959468
vt 0.26636991998158643 0.7053196244237945
vt 0.2037269063816181 0.604624488950003
vt 0.2144001515501166 0.6102424208525973
vt 0.20488984834837148 0.6352347228354379
vt 0.1931818839697731 0.6323359487154807
vt 0.39354710839376733 0.8178273883163054
vt 0.4025791674781898 0.8258212128067833
vt 0.38905243994412586 0.8454415114482846
vt 0.37836900617648633 0.8398429791208328
vt 0.1214865457826522 0.4758487217455746
vt 0.11850859926726787 0.4875372164843569
vt 0.09632962086232896 0.4830511315621915
vt 0.09812832325592055 0.4711241141476692
vt 0.35288359926726787 0.5124627835156431
vt 0.3558615457826522 0.5241512782544254
vt 0.3325033232559205 0.5288758858523308
vt 0.33070462086232894 0.5169488684378085
vt 0.4494541674781898 0.5491787871932168
vt 0.44042210839376733 0.5571726116836946
vt 0.4252440061764864 0.5351570208791672
vt 0.43592743994412586 0.5295584885517154
vt 0.017389848348371442 0.9116402771645621
vt 0.005681883969773052 0.9145390512845193
vt 0.002079179932581332 0.8851087433754877
vt 0.014140655847712763 0.8850977872006516
vt 0.0806732631947835 0.9159817711040532
vt 0.07886991998158646 0.9040553755762055
vt 0.109571875 0.9009734732237921
vt 0.110175 0.9130203482237921
vt 0.26636991998158643 0.7053196244237945
vt 0.2681732631947835 0.6933932288959468
vt 0.297675 0.6963546517762079
vt 0.297071875 0.7084015267762079
vt 0.1931818839697731 0.6323359487154807
vt 0.20488984834837148 0.6352347228354379
vt 0.20164065584771276 0.6617772127993484
vt 0.18957917993258133 0.6617662566245122
vt 0.37836900617648633 0.8398429791208328
vt 0.38905243994412586 0.8454415114482846
vt 0.3806173340187957 0.8677300166604104
vt 0.3689041226985097 0.8648525174240272
vt 0.09812832325592055 0.4711241141476692
vt 0.09632962086232896 0.4830511315621915
vt 0.0738140625 0.480796875
vt 0.07441562500000001 0.46875
vt 0.33070462086232894 0.5169488684378085
vt 0.3325033232559205 0.5288758858523308
vt 0.308790625 0.53125
vt 0.3081890625 0.519203125
vt 0.43592743994412586 0.5295584885517154
vt 0.4252440061764864 0.5351570208791672
vt 0.4157791226985097 0.5101474825759728
vt 0.4274923340187957 0.5072699833395896
vt 0.01414065584771275 0.8850977872006516
vt 0.002079179932581318 0.8851087433754877
vt 0.005628411378223647 0.8556719389268852
vt 0.017341622698509696 0.8585494381632683
vt 0.110175 0.9130203482237921
vt 0.109571875 0.9009734732237921
vt 0.14042812500000001 0.9009734732237921
vt 0.139825 0.9130203482237921
vt 0.297071875 0.7084015267762079
vt 0.297675 0.6963546517762079
vt 0.327325 0.6963546517762079
vt 0.327928125 0.7084015267762079
vt 0.18957917993258133 0.6617662566245122
vt 0.20164065584771276 0.6617772127993484
vt 0.2048416226985097 0.6883255618367315
vt 0.19312841137822365 0.6912030610731147
vt 0.3689041226985097 0.8648525174240272
vt 0.3806173340187957 0.8677300166604104
vt 0.377764631762844 0.8913899102865742
vt 0.3657031558477126 0.8914008664614104
vt 0.07441562500000001 0.46875
vt 0.0738140625 0.480796875
vt 0.0511859375 0.480796875
vt 0.050584375 0.46875
vt 0.3081890625 0.519203125
vt 0.308790625 0.53125
vt 0.284959375 0.53125
vt 0.2855609375 0.519203125
vt 0.4274923340187957 0.5072699833395896
vt 0.4157791226985097 0.5101474825759728
vt 0.4125781558477126 0.48359913353858963
vt 0.4246396317628441 0.4836100897134258
vt 0.01734162269850968 0.8585494381632683
vt 0.005628411378223633 0.8556719389268852
vt 0.016123072408846778 0.8279413675326222
vt 0.026806506176486306 0.8335398998600739
vt 0.139825 0.9130203482237921
vt 0.14042812500000001 0.9009734732237921
vt 0.17113008001841354 0.9040553755762055
vt 0.16932673680521648 0.9159817711040532
vt 0.327928125 0.7084015267762079
vt 0.327325 0.6963546517762079
vt 0.3568267368052165 0.6933932288959468
vt 0.35863008001841357 0.7053196244237945
vt 0.19312841137822365 0.6912030610731147
vt 0.2048416226985097 0.6883255618367315
vt 0.21430650617648633 0.713335100139926
vt 0.2036230724088468 0.7189336324673777
vt 0.3657031558477126 0.8914008664614104
vt 0.377764631762844 0.8913899102865742
vt 0.3806603127269696 0.9150445823053637
vt 0.3689523483483712 0.9179433564253209
vt 0.050584375 0.46875
vt 0.0511859375 0.480796875
vt 0.028670379137671044 0.4830511315621915
vt 0.026871676744079462 0.4711241141476692
vt 0.2855609375 0.519203125
vt 0.284959375 0.53125
vt 0.2612466767440795 0.5288758858523308
vt 0.26304537913767106 0.5169488684378085
vt 0.4246396317628441 0.4836100897134258
vt 0.4125781558477126 0.48359913353858963
vt 0.4158273483483712 0.4570566435746791
vt 0.4275353127269696 0.4599554176946363
vt 0.026806506176486306 0.8335398998600739
vt 0.016123072408846778 0.8279413675326222
vt 0.03295254930934487 0.8035304845650686
vt 0.04198460839376729 0.8115243090555465
vt 0.16932673680521648 0.9159817711040532
vt 0.17113008001841354 0.9040553755762055
vt 0.20137069317921166 0.9101883585145043
vt 0.19838516678998988 0.921875
vt 0.35863008001841357 0.7053196244237945
vt 0.3568267368052165 0.6933932288959468
vt 0.38588516678998985 0.6875
vt 0.38887069317921164 0.6991866414854957
vt 0.2036230724088468 0.7189336324673777
vt 0.21430650617648633 0.713335100139926
vt 0.2294846083937673 0.7353506909444534
vt 0.22045254930934488 0.7433445154349314
vt 0.3689523483483712 0.9179433564253209
vt 0.3806603127269696 0.9150445823053637
vt 0.3891358967186147 0.9373177265055674
vt 0.37846265155011616 0.9429356584081616
vt 0.026871676744079462 0.4711241141476692
vt 0.028670379137671044 0.4830511315621915
vt 0.006491400732732147 0.4875372164843569
vt 0.0035134542173477987 0.4758487217455746
vt 0.26304537913767106 0.5169488684378085
vt 0.2612466767440795 0.5288758858523308
vt 0.23788845421734778 0.5241512782544254
vt 0.24086640073273213 0.5124627835156431
vt 0.4275353127269696 0.4599554176946363
vt 0.4158273483483712 0.4570566435746791
vt 0.42533765155011616 0.4320643415918384
vt 0.4360108967186147 0.43768227349443256
vt 0.04198460839376729 0.8115243090555465
vt 0.03295254930934487 0.8035304845650686
vt 0.05513764805110506 0.7838595950625994
vt 0.061992817703763275 0.7937836048531194
vt 0.4451653202085759 0.765625
vt 0.4410274685644476 0.7542949893732427
vt 0.47050430682078836 0.7451722611370171
vt 0.4734898332100101 0.7568589026225129
vt 0.4566524685644476 0.6519550106267573
vt 0.4607903202085759 0.640625
vt 0.4891148332100101 0.6493910973774871
vt 0.48612930682078836 0.6610777388629829
vt 0.22045254930934488 0.7433445154349314
vt 0.2294846083937673 0.7353506909444534
vt 0.24949281770376328 0.7530913951468805
vt 0.24263764805110505 0.7630154049374005
vt 0.37846265155011616 0.9429356584081616
vt 0.3891358967186147 0.9373177265055674
vt 0.4026982465308006 0.9569134184845306
vt 0.3936807248969395 0.9649236385109662
vt 0.1676953953690424 0.5766268164074945
vt 0.16356783311922843 0.5879604965062506
vt 0.14194609926726784 0.5812872164843569
vt 0.1449240457826522 0.5695987217455746
vt 0.16356783311922843 0.7089145034937494
vt 0.1676953953690424 0.7202481835925055
vt 0.1449240457826522 0.7272762782544254
vt 0.14194609926726784 0.7155877835156431
vt 0.4360108967186147 0.43768227349443256
vt 0.42533765155011616 0.4320643415918384
vt 0.4405557248969395 0.4100763614890339
vt 0.44957324653080066 0.4180865815154694
vt 0.061992817703763275 0.7937836048531194
vt 0.05513764805110506 0.7838595950625994
vt 0.08138756700431107 0.7700732157355202
vt 0.08566699102612667 0.7813499994671775
vt 0.4734898332100101 0.7568589026225129
vt 0.47050430682078836 0.7451722611370171
vt 0.5007449199815864 0.7390392781987183
vt 0.5025482631947835 0.7509656737265661
vt 0.48612930682078836 0.6610777388629829
vt 0.4891148332100101 0.6493910973774871
vt 0.5181732631947835 0.6552843262734339
vt 0.5163699199815864 0.6672107218012817
vt 0.24263764805110505 0.7630154049374005
vt 0.24949281770376328 0.7530913951468805
vt 0.2731669910261267 0.7655250005328225
vt 0.26888756700431105 0.7768017842644797
vt 0.3936807248969395 0.9649236385109662
vt 0.4026982465308006 0.9569134184845306
vt 0.4205582602782716 0.9726915167698958
vt 0.4137211310911579 0.9826279641112639
vt 0.1449240457826522 0.5695987217455746
vt 0.14194609926726784 0.5812872164843569
vt 0.11976712086232896 0.5768011315621915
vt 0.12156582325592054 0.5648741141476692
vt 0.14194609926726784 0.7155877835156431
vt 0.1449240457826522 0.7272762782544254
vt 0.12156582325592054 0.7320008858523308
vt 0.11976712086232896 0.7200738684378085
vt 0.44957324653080066 0.4180865815154695
vt 0.4405557248969395 0.4100763614890339
vt 0.46059613109115793 0.39237203588873615
vt 0.46743326027827165 0.40230848323010415
vt 0.08566699102612667 0.7813499994671775
vt 0.08138756700431107 0.7700732157355202
vt 0.110175 0.7629734832392412
vt 0.1116296875 0.7749469207392412
vt 0.5025482631947835 0.7509656737265661
vt 0.5007449199815864 0.7390392781987183
vt 0.531446875 0.7359573758463049
vt 0.53205 0.748004250846305
vt 0.5163699199815864 0.6672107218012817
vt 0.5181732631947835 0.6552843262734339
vt 0.547675 0.658245749153695
vt 0.547071875 0.6702926241536951
vt 0.26888756700431105 0.7768017842644797
vt 0.2731669910261267 0.7655250005328225
vt 0.2991296875 0.7719280792607588
vt 0.297675 0.7839015167607587
vt 0.4137211310911579 0.9826279641112639
vt 0.4205582602782716 0.9726915167698958
vt 0.4416767839269562 0.9837339999807706
vt 0.4374178537323582 0.995018539620765
vt 0.12156582325592054 0.5648741141476692
vt 0.11976712086232896 0.5768011315621915
vt 0.0972515625 0.574546875
vt 0.097853125 0.5625
vt 0.11976712086232896 0.7200738684378085
vt 0.12156582325592054 0.7320008858523308
vt 0.097853125 0.734375
vt 0.0972515625 0.722328125
vt 0.46743326027827165 0.40230848323010415
vt 0.46059613109115793 0.39237203588873615
vt 0.4842928537323582 0.37998146037923497
vt 0.4885517839269562 0.3912660000192294
vt 0.1116296875 0.7749469207392412
vt 0.110175 0.7629734832392412
vt 0.13982499999999998 0.7629734832392412
vt 0.13837031249999998 0.7749469207392412
vt 0.53205 0.748004250846305
vt 0.531446875 0.7359573758463049
vt 0.562303125 0.7359573758463049
vt 0.5617 0.748004250846305
vt 0.547071875 0.6702926241536951
vt 0.547675 0.658245749153695
vt 0.577325 0.658245749153695
vt 0.577928125 0.6702926241536951
vt 0.297675 0.7839015167607587
vt 0.2991296875 0.7719280792607588
vt 0.3258703125 0.7719280792607588
vt 0.327325 0.7839015167607587
vt 0.1539953125 0.953125
vt 0.15254062499999999 0.96875
vt 0.12870937500000001 0.96875
vt 0.1272546875 0.953125
vt 0.097853125 0.5625
vt 0.0972515625 0.574546875
vt 0.0746234375 0.574546875
vt 0.074021875 0.5625
vt 0.0972515625 0.722328125
vt 0.097853125 0.734375
vt 0.074021875 0.734375
vt 0.0746234375 0.722328125
vt 0.105665625 0.8125
vt 0.10712031250000001 0.828125
vt 0.0803796875 0.828125
vt 0.081834375 0.8125
vn -0.01911488166408282 0.9959652628873091 0.08768019400515502
vn -0.09903501158339964 0.8853397502247459 0.454274799160883
vn -0.09903501158339982 -0.885339750224746 0.45427479916088287
vn -0.019114881664082834 -0.995965262887309 0.08768019400515509
vn 0.019114881664082786 -0.995965262887309 -0.08768019400515474
vn 0.0990350115834001 -0.8853397502247459 -0.4542747991608828
vn 0.09903501158339992 0.8853397502247461 -0.45427479916088287
vn 0.019114881664082796 0.995965262887309 -0.0876801940051549
vn 0.0044706105461967335 0.9959444829175401 0.08985878135974176
vn 0.02314994373571894 0.8848443070036931 0.46531132854056706
vn 0.023149943735718718 -0.8848443070036931 0.4653113285405669
vn 0.004470610546196824 -0.9959444829175402 0.08985878135974187
vn -0.004470610546196803 -0.9959444829175402 -0.08985878135974161
vn -0.023149943735719134 -0.8848443070036931 -0.4653113285405671
vn -0.023149943735719103 0.884844307003693 -0.4653113285405669
vn -0.004470610546196817 0.9959444829175402 -0.08985878135974176
vn 0.0277502483307965 0.9959160990527463 0.08591302209292752
vn 0.14359215306481538 0.8841688611658548 0.4445522674814363
vn 0.1435921530648154 -0.8841688611658547 0.44455226748143595
vn 0.02775024833079649 -0.9959160990527461 0.08591302209292759
vn -0.027750248330796496 -0.9959160990527461 -0.08591302209292759
vn -0.14359215306481482 -0.8841688611658555 -0.44455226748143506
vn -0.14359215306481493 0.8841688611658554 -0.44455226748143484
vn -0.02775024833079654 0.9959160990527461 -0.08591302209292774
vn 0.04913747961004701 0.995887717614587 0.07611282416242905
vn 0.2540726675513022 0.8834949597748549 0.3935527101365114
vn 0.2540726675513023 -0.8834949597748551 0.3935527101365113
vn 0.04913747961004702 -0.9958877176145869 0.07611282416242911
vn -0.04913747961004698 -0.995887717614587 -0.07611282416242904
vn -0.25407266755130226 -0.8834949597748549 -0.3935527101365114
vn -0.25407266755130226 0.8834949597748551 -0.3935527101365114
vn -0.04913747961004705 0.9958877176145869 -0.07611282416242918
vn 0.06717546230899318 0.995866942498088 0.06112683619396006
vn 0.34715442340624947 0.8830026054632151 0.31589587691935495
vn 0.34715442340624947 -0.8830026054632152 0.3158958769193549
vn 0.06717546230899321 -0.995866942498088 0.06112683619396016
vn -0.06717546230899311 -0.995866942498088 -0.06112683619396002
vn -0.3471544234062498 -0.883002605463215 -0.3158958769193549
vn -0.3471544234062495 0.8830026054632151 -0.31589587691935483
vn -0.06717546230899323 0.995866942498088 -0.06112683619396016
vn 0.08063595761967236 0.995859338602717 0.041976422626488506
vn 0.4166348163887731 0.882822596953869 0.21688635752467222
vn 0.416634816388773 -0.8828225969538692 0.21688635752467214
vn 0.08063595761967246 -0.9958593386027169 0.041976422626488506
vn -0.0806359576196721 -0.995859338602717 -0.04197642262648838
vn -0.416634816388773 -0.882822596953869 -0.21688635752467228
vn -0.416634816388773 0.8828225969538691 -0.2168863575246722
vn -0.0806359576196723 0.9958593386027169 -0.041976422626488416
vn 0.08860243511062704 0.995866942498088 0.019966004406924084
vn 0.457886350401812 0.8830026054632153 0.10318182427580305
vn 0.4578863504018117 -0.8830026054632154 0.103181824275803
vn 0.08860243511062713 -0.995866942498088 0.019966004406924105
vn -0.08860243511062697 -0.9958669424980879 -0.01996600440692407
vn -0.4578863504018119 -0.8830026054632154 -0.10318182427580323
vn -0.45788635040181164 0.8830026054632153 -0.10318182427580302
vn -0.08860243511062715 0.995866942498088 -0.01996600440692412
vn 0.09053207595526536 0.995887717614587 -0.0034054555699211744
vn 0.46810960227207604 0.8834949597748553 -0.01760841597378968
vn 0.46810960227207576 -0.8834949597748553 -0.01760841597378962
vn 0.09053207595526543 -0.9958877176145869 -0.003405455569921216
vn -0.09053207595526525 -0.995887717614587 0.0034054555699211952
vn -0.4681096022720762 -0.883494959774855 0.01760841597378973
vn -0.46810960227207604 0.883494959774855 0.01760841597378973
vn -0.0905320759552654 0.9958877176145869 0.003405455569921216
vn 0.08629271622390176 0.9959160990527463 -0.026546012398510913
vn 0.44651697414361524 0.884168861165855 -0.13736089962687756
vn 0.44651697414361524 -0.8841688611658551 -0.13736089962687745
vn 0.08629271622390185 -0.9959160990527461 -0.026546012398510992
vn -0.08629271622390175 -0.9959160990527461 0.02654601239851094
vn -0.44651697414361524 -0.8841688611658549 0.1373608996268775
vn -0.44651697414361513 0.884168861165855 0.1373608996268776
vn -0.08629271622390193 0.9959160990527461 0.02654601239851101
vn 0.07617224131355076 0.9959444829175403 -0.04787876981903137
vn 0.3944389882344941 0.8848443070036923 -0.2479282898817805
vn 0.39443898823449386 -0.8848443070036925 -0.24792828988178067
vn 0.07617224131355085 -0.9959444829175402 -0.04787876981903134
vn -0.0761722413135509 -0.9959444829175403 0.047878769819031386
vn -0.39443898823449386 -0.8848443070036927 0.2479282898817804
vn -0.3944389882344937 0.8848443070036925 0.2479282898817801
vn -0.07617224131355102 0.9959444829175402 0.04787876981903144
vn 0.0608595644568215 0.9959652628873091 -0.06594928760752077
vn 0.315315981383618 0.8853397502247455 -0.3416860526215129
vn 0.3153159813836178 -0.8853397502247454 -0.341686052621513
vn 0.06085956445682157 -0.995965262887309 -0.06594928760752079
vn -0.06085956445682139 -0.995965262887309 0.06594928760752064
vn -0.3153159813836177 -0.8853397502247455 0.34168605262151325
vn -0.31531598138361777 0.8853397502247456 0.3416860526215131
vn -0.060859564456821516 0.995965262887309 0.06594928760752074
vn 0.04139813571600241 0.9959728692093149 -0.07952507880036731
vn 0.21452783999408329 0.8855213031966672 -0.4121041463663641
vn 0.21452783999408315 -0.8855213031966671 -0.41210414636636383
vn 0.04139813571600245 -0.9959728692093149 -0.07952507880036737
vn -0.041398135716002274 -0.9959728692093148 0.07952507880036704
vn -0.21452783999408326 -0.885521303196667 0.41210414636636405
vn -0.21452783999408315 0.8855213031966671 0.41210414636636383
vn -0.04139813571600236 0.9959728692093149 0.0795250788003672
vn 0.01911488166408285 0.9959652628873091 -0.087680194005155
vn 0.09903501158339971 0.8853397502247459 -0.454274799160883
vn 0.09903501158339988 -0.8853397502247461 -0.45427479916088276
vn 0.019114881664082796 -0.995965262887309 -0.08768019400515509
vn -0.01911488166408281 -0.995965262887309 0.08768019400515473
vn -0.09903501158340024 -0.885339750224746 0.4542747991608828
vn -0.09903501158339997 0.885339750224746 0.45427479916088265
vn -0.019114881664082765 0.995965262887309 0.08768019400515492
vn -0.0044706105461967405 0.9959444829175401 -0.08985878135974165
vn -0.023149943735718936 0.8848443070036928 -0.4653113285405673
vn -0.02314994373571877 -0.8848443070036929 -0.46531132854056706
vn -0.004470610546196775 -0.9959444829175402 -0.08985878135974174
vn 0.004470610546196803 -0.9959444829175402 0.08985878135974172
vn 0.02314994373571902 -0.8848443070036929 0.46531132854056706
vn 0.02314994373571913 0.884844307003693 0.46531132854056684
vn 0.004470610546196789 0.9959444829175401 0.08985878135974187
vn -0.027750248330796472 0.9959160990527463 -0.08591302209292757
vn -0.14359215306481524 0.8841688611658548 -0.44455226748143634
vn -0.14359215306481526 -0.8841688611658549 -0.44455226748143606
vn -0.027750248330796496 -0.9959160990527461 -0.08591302209292764
vn 0.027750248330796447 -0.9959160990527461 0.08591302209292759
vn 0.1435921530648148 -0.8841688611658551 0.4445522674814354
vn 0.1435921530648148 0.8841688611658551 0.4445522674814353
vn 0.02775024833079654 0.9959160990527461 0.08591302209292774
vn -0.049137479610046955 0.995887717614587 -0.07611282416242902
vn -0.25407266755130203 0.883494959774855 -0.3935527101365115
vn -0.2540726675513021 -0.883494959774855 -0.3935527101365113
vn -0.04913747961004694 -0.9958877176145869 -0.07611282416242912
vn 0.049137479610047025 -0.995887717614587 0.07611282416242912
vn 0.25407266755130203 -0.883494959774855 0.3935527101365116
vn 0.2540726675513022 0.8834949597748551 0.3935527101365114
vn 0.049137479610047066 0.9958877176145869 0.07611282416242929
vn -0.06717546230899314 0.995866942498088 -0.0611268361939601
vn -0.3471544234062493 0.8830026054632152 -0.315895876919355
vn -0.3471544234062492 -0.8830026054632153 -0.3158958769193549
vn -0.0671754623089932 -0.995866942498088 -0.0611268361939602
vn 0.06717546230899306 -0.9958669424980879 0.06112683619396003
vn 0.34715442340625063 -0.8830026054632144 0.3158958769193556
vn 0.3471544234062502 0.8830026054632146 0.31589587691935583
vn 0.06717546230899316 0.995866942498088 0.06112683619396016
vn -0.08063595761967235 0.995859338602717 -0.041976422626488506
vn -0.4166348163887731 0.8828225969538692 -0.2168863575246722
vn -0.4166348163887731 -0.8828225969538692 -0.2168863575246722
vn -0.08063595761967246 -0.9958593386027169 -0.041976422626488506
vn 0.08063595761967211 -0.995859338602717 0.04197642262648839
vn 0.416634816388773 -0.882822596953869 0.21688635752467228
vn 0.4166348163887729 0.8828225969538691 0.21688635752467217
vn 0.0806359576196723 0.9958593386027169 0.041976422626488416
vn -0.08860243511062704 0.995866942498088 -0.01996600440692408
vn -0.4578863504018118 0.8830026054632153 -0.10318182427580297
vn -0.45788635040181164 -0.8830026054632154 -0.10318182427580301
vn -0.08860243511062713 -0.995866942498088 -0.019966004406924105
vn 0.08860243511062699 -0.995866942498088 0.01996600440692406
vn 0.4578863504018119 -0.8830026054632153 0.10318182427580308
vn 0.45788635040181186 0.8830026054632154 0.103181824275803
vn 0.08860243511062714 0.995866942498088 0.0199660044069241
vn -0.0905320759552653 0.995887717614587 0.003405455569921223
vn -0.46810960227207593 0.883494959774855 0.017608415973789867
vn -0.4681096022720758 -0.8834949597748553 0.017608415973789843
vn -0.09053207595526541 -0.9958877176145869 0.00340545556992123
vn 0.09053207595526525 -0.995887717614587 -0.00340545556992123
vn 0.46810960227207604 -0.8834949597748553 -0.01760841597378982
vn 0.4681096022720758 0.8834949597748554 -0.01760841597378993
vn 0.09053207595526541 0.9958877176145869 -0.003405455569921237
vn -0.08629271622390176 0.9959160990527463 0.026546012398510913
vn -0.44651697414361524 0.884168861165855 0.13736089962687756
vn -0.44651697414361524 -0.8841688611658551 0.13736089962687745
vn -0.08629271622390185 -0.9959160990527461 0.026546012398510992
vn 0.08629271622390176 -0.9959160990527461 -0.026546012398510902
vn 0.44651697414361524 -0.8841688611658549 -0.1373608996268775
vn 0.44651697414361524 0.884168861165855 -0.13736089962687745
vn 0.08629271622390193 0.9959160990527461 -0.02654601239851101
vn -0.07617224131355078 0.9959444829175403 0.04787876981903136
vn -0.3944389882344943 0.8848443070036923 0.24792828988178006
vn -0.39443898823449397 -0.8848443070036924 0.2479282898817805
vn -0.07617224131355087 -0.9959444829175402 0.04787876981903129
vn 0.07617224131355096 -0.9959444829175402 -0.047878769819031414
vn 0.3944389882344931 -0.8848443070036931 -0.2479282898817794
vn 0.39443898823449297 0.8848443070036931 -0.2479282898817795
vn 0.07617224131355115 0.9959444829175401 -0.047878769819031435
vn -0.060859564456821544 0.9959652628873091 0.06594928760752072
vn -0.31531598138361716 0.8853397502247462 0.34168605262151197
vn -0.31531598138361716 -0.8853397502247461 0.34168605262151186
vn -0.060859564456821606 -0.995965262887309 0.06594928760752077
vn 0.06085956445682143 -0.995965262887309 -0.06594928760752058
vn 0.31531598138361844 -0.8853397502247451 -0.3416860526215139
vn 0.31531598138361866 0.8853397502247452 -0.34168605262151347
vn 0.060859564456821544 0.995965262887309 -0.06594928760752071
vn -0.041398135716002406 0.9959728692093149 0.0795250788003673
vn -0.21452783999408326 0.8855213031966671 0.41210414636636405
vn -0.21452783999408315 -0.8855213031966671 0.41210414636636383
vn -0.041398135716002454 -0.9959728692093149 0.07952507880036738
vn 0.041398135716002274 -0.9959728692093148 -0.07952507880036704
vn 0.21452783999408329 -0.8855213031966672 -0.4121041463663641
vn 0.21452783999408315 0.8855213031966671 -0.4121041463663638
vn 0.04139813571600236 0.9959728692093149 -0.0795250788003672
usemtl m_a818bd0d-43f7-590e-97fd-130de72355b5
f 435/1777/457 436/1778/457 444/1779/457 443/1780/457
f 436/1781/458 437/1782/458 445/1783/458 444/1784/458
f 437/1785/459 438/1786/459 446/1787/459 445/1788/459
f 438/1789/460 439/1790/460 447/1791/460 446/1792/460
f 439/1793/461 440/1794/461 448/1795/461 447/1796/461
f 440/1797/462 441/1798/462 449/1799/462 448/1800/462
f 441/1801/463 442/1802/463 450/1803/463 449/1804/463
f 442/1805/464 435/1806/464 443/1807/464 450/1808/464
f 443/1809/465 444/1810/465 452/1811/465 451/1812/465
f 444/1813/466 445/1814/466 453/1815/466 452/1816/466
f 445/1817/467 446/1818/467 454/1819/467 453/1820/467
f 446/1821/468 447/1822/468 455/1823/468 454/1824/468
f 447/1825/469 448/1826/469 456/1827/469 455/1828/469
f 448/1829/470 449/1830/470 457/1831/470 456/1832/470
f 449/1833/471 450/1834/471 458/1835/471 457/1836/471
f 450/1837/472 443/1838/472 451/1839/472 458/1840/472
f 451/1841/473 452/1842/473 460/1843/473 459/1844/473
f 452/1845/474 453/1846/474 461/1847/474 460/1848/474
f 453/1849/475 454/1850/475 462/1851/475 461/1852/475
f 454/1853/476 455/1854/476 463/1855/476 462/1856/476
f 455/1857/477 456/1858/477 464/1859/477 463/1860/477
f 456/1861/478 457/1862/478 465/1863/478 464/1864/478
f 457/1865/479 458/1866/479 466/1867/479 465/1868/479
f 458/1869/480 451/1870/480 459/1871/480 466/1872/480
f 459/1873/481 460/1874/481 468/1875/481 467/1876/481
f 460/1877/482 461/1878/482 469/1879/482 468/1880/482
f 461/1881/483 462/1882/483 470/1883/483 469/1884/483
f 462/1885/484 463/1886/484 471/1887/484 470/1888/484
f 463/1889/485 464/1890/485 472/1891/485 471/1892/485
f 464/1893/486 465/1894/486 473/1895/486 472/1896/486
f 465/1897/487 466/1898/487 474/1899/487 473/1900/487
f 466/1901/488 459/1902/488 467/1903/488 474/1904/488
f 467/1905/489 468/1906/489 476/1907/489 475/1908/489
f 468/1909/490 469/1910/490 477/1911/490 476/1912/490
f 469/1913/491 470/1914/491 478/1915/491 477/1916/491
f 470/1917/492 471/1918/492 479/1919/492 478/1920/492
f 471/1921/493 472/1922/493 480/1923/493 479/1924/493
f 472/1925/494 473/1926/494 481/1927/494 480/1928/494
f 473/1929/495 474/1930/495 482/1931/495 481/1932/495
f 474/1933/496 467/1934/496 475/1935/496 482/1936/496
f 475/1937/497 476/1938/497 484/1939/497 483/1940/497
f 476/1941/498 477/1942/498 485/1943/498 484/1944/498
f 477/1945/499 478/1946/499 486/1947/499 485/1948/499
f 478/1949/500 479/1950/500 487/1951/500 486/1952/500
f 479/1953/501 480/1954/501 488/1955/501 487/1956/501
f 480/1957/502 481/1958/502 489/1959/502 488/1960/502
f 481/1961/503 482/1962/503 490/1963/503 489/1964/503
f 482/1965/504 475/1966/504 483/1967/504 490/1968/504
f 483/1969/505 484/1970/505 492/1971/505 491/1972/505
f 484/1973/506 485/1974/506 493/1975/506 492/1976/506
f 485/1977/507 486/1978/507 494/1979/507 493/1980/507
f 486/1981/508 487/1982/508 495/1983/508 494/1984/508
f 487/1985/509 488/1986/509 496/1987/509 495/1988/509
f 488/1989/510 489/1990/510 497/1991/510 496/1992/510
f 489/1993/511 490/1994/511 498/1995/511 497/1996/511
f 490/1997/512 483/1998/512 491/1999/512 498/2000/512
f 491/2001/513 492/2002/513 500/2003/513 499/2004/513
f 492/2005/514 493/2006/514 501/2007/514 500/2008/514
f 493/2009/515 494/2010/515 502/2011/515 501/2012/515
f 494/2013/516 495/2014/516 503/2015/516 502/2016/516
f 495/2017/517 496/2018/517 504/2019/517 503/2020/517
f 496/2021/518 497/2022/518 505/2023/518 504/2024/518
f 497/2025/519 498/2026/519 506/2027/519 505/2028/519
f 498/2029/520 491/2030/520 499/2031/520 506/2032/520
f 499/2033/521 500/2034/521 508/2035/521 507/2036/521
f 500/2037/522 501/2038/522 509/2039/522 508/2040/522
f 501/2041/523 502/2042/523 510/2043/523 509/2044/523
f 502/2045/524 503/2046/524 511/2047/524 510/2048/524
f 503/2049/525 504/2050/525 512/2051/525 511/2052/525
f 504/2053/526 505/2054/526 513/2055/526 512/2056/526
f 505/2057/527 506/2058/527 514/2059/527 513/2060/527
f 506/2061/528 499/2062/528 507/2063/528 514/2064/528
f 507/2065/529 508/2066/529 516/2067/529 515/2068/529
f 508/2069/530 509/2070/530 517/2071/530 516/2072/530
f 509/2073/531 510/2074/531 518/2075/531 517/2076/531
f 510/2077/532 511/2078/532 519/2079/532 518/2080/532
f 511/2081/533 512/2082/533 520/2083/533 519/2084/533
f 512/2085/534 513/2086/534 521/2087/534 520/2088/534
f 513/2089/535 514/2090/535 522/2091/535 521/2092/535
f 514/2093/536 507/2094/536 515/2095/536 522/2096/536
f 515/2097/537 516/2098/537 524/2099/537 523/2100/537
f 516/2101/538 517/2102/538 525/2103/538 524/2104/538
f 517/2105/539 518/2106/539 526/2107/539 525/2108/539
f 518/2109/540 519/2110/540 527/2111/540 526/2112/540
f 519/2113/541 520/2114/541 528/2115/541 527/2116/541
f 520/2117/542 521/2118/542 529/2119/542 528/2120/542
f 521/2121/543 522/2122/543 530/2123/543 529/2124/543
f 522/2125/544 515/2126/544 523/2127/544 530/2128/544
f 523/2129/545 524/2130/545 532/2131/545 531/2132/545
f 524/2133/546 525/2134/546 533/2135/546 532/2136/546
f 525/2137/547 526/2138/547 534/2139/547 533/2140/547
f 526/2141/548 527/2142/548 535/2143/548 534/2144/548
f 527/2145/549 528/2146/549 536/2147/549 535/2148/549
f 528/2149/550 529/2150/550 537/2151/550 536/2152/550
f 529/2153/551 530/2154/551 538/2155/551 537/2156/551
f 530/2157/552 523/2158/552 531/2159/552 538/2160/552
f 531/2161/553 532/2162/553 540/2163/553 539/2164/553
f 532/2165/554 533/2166/554 541/2167/554 540/2168/554
f 533/2169/555 534/2170/555 542/2171/555 541/2172/555
f 534/2173/556 535/2174/556 543/2175/556 542/2176/556
f 535/2177/557 536/2178/557 544/2179/557 543/2180/557
f 536/2181/558 537/2182/558 545/2183/558 544/2184/558
f 537/2185/559 538/2186/559 546/2187/559 545/2188/559
f 538/2189/560 531/2190/560 539/2191/560 546/2192/560
f 539/2193/561 540/2194/561 548/2195/561 547/2196/561
f 540/2197/562 541/2198/562 549/2199/562 548/2200/562
f 541/2201/563 542/2202/563 550/2203/563 549/2204/563
f 542/2205/564 543/2206/564 551/2207/564 550/2208/564
f 543/2209/565 544/2210/565 552/2211/565 551/2212/565
f 544/2213/566 545/2214/566 553/2215/566 552/2216/566
f 545/2217/567 546/2218/567 554/2219/567 553/2220/567
f 546/2221/568 539/2222/568 547/2223/568 554/2224/568
f 547/2225/569 548/2226/569 556/2227/569 555/2228/569
f 548/2229/570 549/2230/570 557/2231/570 556/2232/570
f 549/2233/571 550/2234/571 558/2235/571 557/2236/571
f 550/2237/572 551/2238/572 559/2239/572 558/2240/572
f 551/2241/573 552/2242/573 560/2243/573 559/2244/573
f 552/2245/574 553/2246/574 561/2247/574 560/2248/574
f 553/2249/575 554/2250/575 562/2251/575 561/2252/575
f 554/2253/576 547/2254/576 555/2255/576 562/2256/576
f 555/2257/577 556/2258/577 564/2259/577 563/2260/577
f 556/2261/578 557/2262/578 565/2263/578 564/2264/578
f 557/2265/579 558/2266/579 566/2267/579 565/2268/579
f 558/2269/580 559/2270/580 567/2271/580 566/2272/580
f 559/2273/581 560/2274/581 568/2275/581 567/2276/581
f 560/2277/582 561/2278/582 569/2279/582 568/2280/582
f 561/2281/583 562/2282/583 570/2283/583 569/2284/583
f 562/2285/584 555/2286/584 563/2287/584 570/2288/584
f 563/2289/585 564/2290/585 572/2291/585 571/2292/585
f 564/2293/586 565/2294/586 573/2295/586 572/2296/586
f 565/2297/587 566/2298/587 574/2299/587 573/2300/587
f 566/2301/588 567/2302/588 575/2303/588 574/2304/588
f 567/2305/589 568/2306/589 576/2307/589 575/2308/589
f 568/2309/590 569/2310/590 577/2311/590 576/2312/590
f 569/2313/591 570/2314/591 578/2315/591 577/2316/591
f 570/2317/592 563/2318/592 571/2319/592 578/2320/592
f 571/2321/593 572/2322/593 580/2323/593 579/2324/593
f 572/2325/594 573/2326/594 581/2327/594 580/2328/594
f 573/2329/595 574/2330/595 582/2331/595 581/2332/595
f 574/2333/596 575/2334/596 583/2335/596 582/2336/596
f 575/2337/597 576/2338/597 584/2339/597 583/2340/597
f 576/2341/598 577/2342/598 585/2343/598 584/2344/598
f 577/2345/599 578/2346/599 586/2347/599 585/2348/599
f 578/2349/600 571/2350/600 579/2351/600 586/2352/600
f 579/2353/601 580/2354/601 588/2355/601 587/2356/601
f 580/2357/602 581/2358/602 589/2359/602 588/2360/602
f 581/2361/603 582/2362/603 590/2363/603 589/2364/603
f 582/2365/604 583/2366/604 591/2367/604 590/2368/604
f 583/2369/605 584/2370/605 592/2371/605 591/2372/605
f 584/2373/606 585/2374/606 593/2375/606 592/2376/606
f 585/2377/607 586/2378/607 594/2379/607 593/2380/607
f 586/2381/608 579/2382/608 587/2383/608 594/2384/608
f 587/2385/609 588/2386/609 596/2387/609 595/2388/609
f 588/2389/610 589/2390/610 597/2391/610 596/2392/610
f 589/2393/611 590/2394/611 598/2395/611 597/2396/611
f 590/2397/612 591/2398/612 599/2399/612 598/2400/612
f 591/2401/613 592/2402/613 600/2403/613 599/2404/613
f 592/2405/614 593/2406/614 601/2407/614 600/2408/614
f 593/2409/615 594/2410/615 602/2411/615 601/2412/615
f 594/2413/616 587/2414/616 595/2415/616 602/2416/616
f 595/2417/617 596/2418/617 604/2419/617 603/2420/617
f 596/2421/618 597/2422/618 605/2423/618 604/2424/618
f 597/2425/619 598/2426/619 606/2427/619 605/2428/619
f 598/2429/620 599/2430/620 607/2431/620 606/2432/620
f 599/2433/621 600/2434/621 608/2435/621 607/2436/621
f 600/2437/622 601/2438/622 609/2439/622 608/2440/622
f 601/2441/623 602/2442/623 610/2443/623 609/2444/623
f 602/2445/624 595/2446/624 603/2447/624 610/2448/624
f 603/2449/625 604/2450/625 612/2451/625 611/2452/625
f 604/2453/626 605/2454/626 613/2455/626 612/2456/626
f 605/2457/627 606/2458/627 614/2459/627 613/2460/627
f 606/2461/628 607/2462/628 615/2463/628 614/2464/628
f 607/2465/629 608/2466/629 616/2467/629 615/2468/629
f 608/2469/630 609/2470/630 617/2471/630 616/2472/630
f 609/2473/631 610/2474/631 618/2475/631 617/2476/631
f 610/2477/632 603/2478/632 611/2479/632 618/2480/632
f 611/2481/633 612/2482/633 620/2483/633 619/2484/633
f 612/2485/634 613/2486/634 621/2487/634 620/2488/634
f 613/2489/635 614/2490/635 622/2491/635 621/2492/635
f 614/2493/636 615/2494/636 623/2495/636 622/2496/636
f 615/2497/637 616/2498/637 624/2499/637 623/2500/637
f 616/2501/638 617/2502/638 625/2503/638 624/2504/638
f 617/2505/639 618/2506/639 626/2507/639 625/2508/639
f 618/2509/640 611/2510/640 619/2511/640 626/2512/640
f 619/2513/641 620/2514/641 436/2515/641 435/2516/641
f 620/2517/642 621/2518/642 437/2519/642 436/2520/642
f 621/2521/643 622/2522/643 438/2523/643 437/2524/643
f 622/2525/644 623/2526/644 439/2527/644 438/2528/644
f 623/2529/645 624/2530/645 440/2531/645 439/2532/645
f 624/2533/646 625/2534/646 441/2535/646 440/2536/646
f 625/2537/647 626/2538/647 442/2539/647 441/2540/647
f 626/2541/648 619/2542/648 435/2543/648 442/2544/648
o torus
v 0.3752829809093791 0.02866431003625955 -0.1175849415827161
v 0.41610838716552107 0.024845184548632937 -0.13037649689941802
v 0.4330188241262066 0.015625 -0.13567493259544164
v 0.41610838716552107 0.006404815451367068 -0.13037649689941802
v 0.3752829809093791 0.0025856899637404507 -0.1175849415827161
v 0.334457574653237 0.006404815451367063 -0.10479338626601416
v 0.31754713769255144 0.015624999999999998 -0.09949495056999053
v 0.334457574653237 0.02484518454863293 -0.10479338626601416
v 0.33212398041408986 0.02866431003625955 -0.20929602671738423
v 0.3682543063749315 0.024845184548632937 -0.2320644328354247
v 0.3832199774008729 0.015625 -0.24149541544313563
v 0.3682543063749315 0.006404815451367068 -0.2320644328354247
v 0.33212398041408986 0.0025856899637404507 -0.20929602671738423
v 0.2959936544532482 0.006404815451367063 -0.18652762059934375
v 0.2810279834273068 0.015624999999999998 -0.17709663799163278
v 0.2959936544532482 0.02484518454863293 -0.18652762059934375
v 0.26633127951440905 0.02866431003625955 -0.2867439335093004
v 0.2953043031739057 0.024845184548632937 -0.31793756117830513
v 0.30730532251662585 0.015625 -0.33085838481842356
v 0.2953043031739057 0.006404815451367068 -0.31793756117830513
v 0.26633127951440905 0.0025856899637404507 -0.2867439335093004
v 0.23735825585491235 0.006404815451367063 -0.2555503058402957
v 0.22535723651219222 0.015624999999999998 -0.24262948220017724
v 0.23735825585491235 0.02484518454863293 -0.2555503058402957
v 0.1823885420490709 0.02866431003625955 -0.3446507150993131
v 0.20222979972501332 0.024845184548632937 -0.38214377014354645
v 0.21044831774892794 0.015625 -0.39767390203766895
v 0.20222979972501332 0.006404815451367068 -0.38214377014354645
v 0.1823885420490709 0.0025856899637404507 -0.3446507150993131
v 0.1625472843731285 0.006404815451367063 -0.30715766005507966
v 0.15432876634921386 0.015624999999999998 -0.29162752816095716
v 0.1625472843731285 0.02484518454863293 -0.30715766005507966
v 0.08601632685440554 0.02866431003625955 -0.3790701200175441
v 0.09537366962540687 0.024845184548632937 -0.4203075126959447
v 0.09924960790892948 0.015625 -0.4373886000202432
v 0.09537366962540687 0.006404815451367068 -0.4203075126959447
v 0.08601632685440554 0.0025856899637404507 -0.3790701200175441
v 0.07665898408340419 0.006404815451367063 -0.33783272733914355
v 0.0727830457998816 0.015624999999999998 -0.320751640014845
v 0.07665898408340419 0.02484518454863293 -0.33783272733914355
v -0.016217758866686402 0.02866431003625955 -0.3876565226995721
v -0.01798201844672981 0.024845184548632937 -0.4298279928491203
v -0.01871279869233046 0.015625 -0.4472959877302754
v -0.01798201844672981 0.006404815451367068 -0.4298279928491203
v -0.016217758866686402 0.0025856899637404507 -0.3876565226995721
v -0.014453499286642975 0.006404815451367063 -0.3454850525500237
v -0.01372271904104233 0.015624999999999998 -0.32801705766886863
v -0.014453499286642975 0.02484518454863293 -0.3454850525500237
v -0.11734663112212737 0.02866431003625955 -0.36982477399231817
v -0.1301122616784124 0.024845184548632937 -0.410056405613972
v -0.13539995898707005 0.015625 -0.4267208930680594
v -0.1301122616784124 0.006404815451367068 -0.410056405613972
v -0.11734663112212737 0.0025856899637404507 -0.36982477399231817
v -0.10458100056584237 0.006404815451367063 -0.3295931423706642
v -0.09929330325718469 0.015624999999999998 -0.31292865491657684
v -0.10458100056584237 0.02484518454863293 -0.3295931423706642
v -0.21047852439107245 0.02866431003625955 -0.32679007810182353
v -0.23337556929739017 0.024845184548632937 -0.3623401519864821
v -0.24285983583585283 0.015625 -0.3770654747328733
v -0.23337556929739017 0.006404815451367068 -0.3623401519864821
v -0.21047852439107245 0.0025856899637404507 -0.32679007810182353
v -0.18758147948475468 0.006404815451367063 -0.29124000421716495
v -0.17809721294629208 0.015624999999999998 -0.27651468147077374
v -0.18758147948475468 0.02484518454863293 -0.29124000421716495
v -0.28926665405497354 0.02866431003625955 -0.261485178434828
v -0.3207347175401143 0.024845184548632937 -0.28993101579652664
v -0.3337692162172772 0.015625 -0.30171366742480155
v -0.3207347175401143 0.006404815451367068 -0.28993101579652664
v -0.28926665405497354 0.0025856899637404507 -0.261485178434828
v -0.2577985905698328 0.006404815451367063 -0.23303934107312935
v -0.24476409189266993 0.015624999999999998 -0.2212566894448544
v -0.2577985905698328 0.02484518454863293 -0.23303934107312935
v -0.3483417392807762 0.02866431003625955 -0.17836049598218798
v -0.38623632482166137 0.024845184548632937 -0.19776356001369583
v -0.4019327760932034 0.015625 -0.20580057228714
v -0.38623632482166137 0.006404815451367068 -0.19776356001369583
v -0.3483417392807762 0.0025856899637404507 -0.17836049598218798
v -0.3104471537398911 0.006404815451367063 -0.1589574319506801
v -0.2947507024683491 0.015624999999999998 -0.15092041967723596
v -0.3104471537398911 0.02484518454863293 -0.1589574319506801
v -0.38367791063653656 0.02866431003625955 -0.08308084048301775
v -0.4254165648523182 0.024845184548632937 -0.09211884443566695
v -0.442705281503696 0.015625 -0.09586250824963588
v -0.4254165648523182 0.006404815451367068 -0.09211884443566695
v -0.38367791063653656 0.0025856899637404507 -0.08308084048301775
v -0.34193925642075484 0.006404815451367063 -0.07404283653036856
v -0.324650539769377 0.015624999999999998 -0.07029917271639963
v -0.34193925642075484 0.02484518454863293 -0.07404283653036856
v -0.3928670664401434 0.02866431003625955 0.01786063699748957
v -0.4356053690224035 0.024845184548632937 0.01980361815706435
v -0.4533081535847808 0.015625 0.02060842730479564
v -0.4356053690224035 0.006404815451367068 0.01980361815706435
v -0.3928670664401434 0.0025856899637404507 0.01786063699748957
v -0.35012876385788316 0.006404815451367063 0.015917655837914754
v -0.3324259792955058 0.015624999999999998 0.015112846690183458
v -0.35012876385788316 0.02484518454863293 0.015917655837914754
v -0.3752829809093791 0.02866431003625955 0.11758494158271618
v -0.41610838716552107 0.024845184548632937 0.1303764968994181
v -0.4330188241262066 0.015625 0.13567493259544172
v -0.41610838716552107 0.006404815451367068 0.1303764968994181
v -0.3752829809093791 0.0025856899637404507 0.11758494158271618
v -0.33445757465323694 0.006404815451367063 0.10479338626601423
v -0.3175471376925514 0.015624999999999998 0.09949495056999058
v -0.33445757465323694 0.02484518454863293 0.10479338626601423
v -0.33212398041408986 0.02866431003625955 0.20929602671738418
v -0.36825430637493156 0.024845184548632937 0.23206443283542466
v -0.38321997740087294 0.015625 0.24149541544313557
v -0.36825430637493156 0.006404815451367068 0.23206443283542466
v -0.33212398041408986 0.0025856899637404507 0.20929602671738418
v -0.29599365445324827 0.006404815451367063 0.1865276205993437
v -0.28102798342730684 0.015624999999999998 0.17709663799163272
v -0.29599365445324827 0.02484518454863293 0.1865276205993437
v -0.26633127951440916 0.02866431003625955 0.2867439335093003
v -0.2953043031739059 0.024845184548632937 0.31793756117830496
v -0.30730532251662596 0.015625 0.33085838481842345
v -0.2953043031739059 0.006404815451367068 0.31793756117830496
v -0.26633127951440916 0.0025856899637404507 0.2867439335093003
v -0.2373582558549125 0.006404815451367063 0.2555503058402956
v -0.22535723651219233 0.015624999999999998 0.24262948220017716
v -0.2373582558549125 0.02484518454863293 0.2555503058402956
v -0.182388542049071 0.02866431003625955 0.344650715099313
v -0.20222979972501345 0.024845184548632937 0.3821437701435464
v -0.21044831774892808 0.015625 0.39767390203766884
v -0.20222979972501345 0.006404815451367068 0.3821437701435464
v -0.182388542049071 0.0025856899637404507 0.344650715099313
v -0.16254728437312857 0.006404815451367063 0.3071576600550796
v -0.15432876634921394 0.015624999999999998 0.29162752816095716
v -0.16254728437312857 0.02484518454863293 0.3071576600550796
v -0.08601632685440577 0.02866431003625955 0.37907012001754403
v -0.09537366962540708 0.024845184548632937 0.4203075126959446
v -0.09924960790892971 0.015625 0.4373886000202431
v -0.09537366962540708 0.006404815451367068 0.4203075126959446
v -0.08601632685440577 0.0025856899637404507 0.37907012001754403
v -0.0766589840834044 0.006404815451367063 0.3378327273391435
v -0.0727830457998818 0.015624999999999998 0.32075164001484496
v -0.0766589840834044 0.02484518454863293 0.3378327273391435
v 0.016217758866686437 0.02866431003625955 0.3876565226995721
v 0.017982018446729843 0.024845184548632937 0.4298279928491203
v 0.0187127986923305 0.015625 0.4472959877302754
v 0.017982018446729843 0.006404815451367068 0.4298279928491203
v 0.016217758866686437 0.0025856899637404507 0.3876565226995721
v 0.014453499286643003 0.006404815451367063 0.3454850525500237
v 0.013722719041042365 0.015624999999999998 0.32801705766886863
v 0.014453499286643003 0.02484518454863293 0.3454850525500237
v 0.11734663112212734 0.02866431003625955 0.36982477399231817
v 0.13011226167841236 0.024845184548632937 0.410056405613972
v 0.13539995898707002 0.015625 0.4267208930680594
v 0.13011226167841236 0.006404815451367068 0.410056405613972
v 0.11734663112212734 0.0025856899637404507 0.36982477399231817
v 0.10458100056584232 0.006404815451367063 0.3295931423706642
v 0.09929330325718466 0.015624999999999998 0.3129286549165769
v 0.10458100056584232 0.02484518454863293 0.3295931423706642
v 0.21047852439107256 0.02866431003625955 0.3267900781018235
v 0.23337556929739034 0.024845184548632937 0.362340151986482
v 0.24285983583585297 0.015625 0.3770654747328732
v 0.23337556929739034 0.006404815451367068 0.362340151986482
v 0.21047852439107256 0.0025856899637404507 0.3267900781018235
v 0.1875814794847548 0.006404815451367063 0.2912400042171649
v 0.17809721294629216 0.015624999999999998 0.2765146814707737
v 0.1875814794847548 0.02484518454863293 0.2912400042171649
v 0.2892666540549735 0.02866431003625955 0.261485178434828
v 0.32073471754011423 0.024845184548632937 0.28993101579652664
v 0.33376921621727706 0.015625 0.30171366742480155
v 0.32073471754011423 0.006404815451367068 0.28993101579652664
v 0.2892666540549735 0.0025856899637404507 0.261485178434828
v 0.25779859056983273 0.006404815451367063 0.23303934107312935
v 0.24476409189266987 0.015624999999999998 0.22125668944485444
v 0.25779859056983273 0.02484518454863293 0.23303934107312935
v 0.34834173928077616 0.02866431003625955 0.17836049598218798
v 0.3862363248216613 0.024845184548632937 0.19776356001369583
v 0.4019327760932033 0.015625 0.20580057228714
v 0.3862363248216613 0.006404815451367068 0.19776356001369583
v 0.34834173928077616 0.0025856899637404507 0.17836049598218798
v 0.3104471537398911 0.006404815451367063 0.1589574319506801
v 0.29475070246834906 0.015624999999999998 0.15092041967723596
v 0.3104471537398911 0.02484518454863293 0.1589574319506801
v 0.3836779106365365 0.02866431003625955 0.08308084048301796
v 0.4254165648523181 0.024845184548632937 0.09211884443566713
v 0.4427052815036959 0.015625 0.09586250824963609
v 0.4254165648523181 0.006404815451367068 0.09211884443566713
v 0.3836779106365365 0.0025856899637404507 0.08308084048301796
v 0.3419392564207548 0.006404815451367063 0.07404283653036875
v 0.324650539769377 0.015624999999999998 0.0702991727163998
v 0.3419392564207548 0.02484518454863293 0.07404283653036875
v 0.3928670664401434 0.02866431003625955 -0.01786063699748952
v 0.4356053690224035 0.024845184548632937 -0.019803618157064308
v 0.4533081535847808 0.015625 -0.02060842730479559
v 0.4356053690224035 0.006404815451367068 -0.019803618157064308
v 0.3928670664401434 0.0025856899637404507 -0.01786063699748952
v 0.3501287638578832 0.006404815451367063 -0.01591765583791472
v 0.3324259792955058 0.015624999999999998 -0.01511284669018343
v 0.3501287638578832 0.02484518454863293 -0.01591765583791472
vt 0.13837031249999998 0.7749469207392412
vt 0.13982499999999998 0.7629734832392412
vt 0.16861243299568895 0.7700732157355202
vt 0.16433300897387332 0.7813499994671775
vt 0.5617 0.748004250846305
vt 0.562303125 0.7359573758463049
vt 0.5930050800184136 0.7390392781987183
vt 0.5912017368052165 0.7509656737265661
vt 0.577928125 0.6702926241536951
vt 0.577325 0.658245749153695
vt 0.6068267368052165 0.6552843262734339
vt 0.6086300800184135 0.6672107218012817
vt 0.327325 0.7839015167607587
vt 0.3258703125 0.7719280792607588
vt 0.3518330089738733 0.7655250005328225
vt 0.35611243299568895 0.7768017842644797
vt 0.5157071462676418 0.995018539620765
vt 0.5114482160730438 0.9837339999807706
vt 0.5325667397217284 0.9726915167698958
vt 0.5394038689088421 0.9826279641112639
vt 0.074021875 0.5625
vt 0.0746234375 0.574546875
vt 0.052107879137671044 0.5768011315621915
vt 0.05030917674407946 0.5648741141476692
vt 0.0746234375 0.722328125
vt 0.074021875 0.734375
vt 0.05030917674407946 0.7320008858523308
vt 0.052107879137671044 0.7200738684378085
vt 0.5583232160730438 0.3912660000192294
vt 0.5625821462676418 0.37998146037923497
vt 0.5862788689088421 0.39237203588873615
vt 0.5794417397217284 0.40230848323010415
vt 0.16433300897387332 0.7813499994671775
vt 0.16861243299568895 0.7700732157355202
vt 0.19486235194889495 0.7838595950625994
vt 0.18800718229623675 0.7937836048531194
vt 0.5912017368052165 0.7509656737265661
vt 0.5930050800184136 0.7390392781987183
vt 0.6232456931792116 0.7451722611370171
vt 0.6202601667899899 0.7568589026225129
vt 0.6086300800184135 0.6672107218012817
vt 0.6068267368052165 0.6552843262734339
vt 0.6358851667899899 0.6493910973774871
vt 0.6388706931792116 0.6610777388629829
vt 0.35611243299568895 0.7768017842644797
vt 0.3518330089738733 0.7655250005328225
vt 0.3755071822962367 0.7530913951468805
vt 0.38236235194889495 0.7630154049374005
vt 0.5394038689088421 0.9826279641112639
vt 0.5325667397217284 0.9726915167698958
vt 0.5504267534691993 0.9569134184845306
vt 0.5594442751030605 0.9649236385109662
vt 0.05030917674407946 0.5648741141476692
vt 0.052107879137671044 0.5768011315621915
vt 0.029928900732732147 0.5812872164843569
vt 0.0269509542173478 0.5695987217455746
vt 0.052107879137671044 0.7200738684378085
vt 0.05030917674407946 0.7320008858523308
vt 0.02695095421734779 0.7272762782544254
vt 0.029928900732732147 0.7155877835156431
vt 0.5794417397217284 0.40230848323010415
vt 0.5862788689088421 0.39237203588873615
vt 0.6063192751030605 0.4100763614890339
vt 0.5973017534691993 0.4180865815154695
vt 0.18800718229623675 0.7937836048531194
vt 0.19486235194889495 0.7838595950625994
vt 0.21704745069065512 0.8035304845650686
vt 0.20801539160623272 0.8115243090555465
vt 0.6202601667899899 0.7568589026225129
vt 0.6232456931792116 0.7451722611370171
vt 0.6527225314355525 0.7542949893732427
vt 0.6485846797914241 0.765625
vt 0.6388706931792116 0.6610777388629829
vt 0.6358851667899899 0.6493910973774871
vt 0.6642096797914241 0.640625
vt 0.6683475314355525 0.6519550106267573
vt 0.38236235194889495 0.7630154049374005
vt 0.3755071822962367 0.7530913951468805
vt 0.3955153916062327 0.7353506909444534
vt 0.4045474506906551 0.7433445154349314
vt 0.5594442751030605 0.9649236385109662
vt 0.5504267534691993 0.9569134184845306
vt 0.5639891032813853 0.9373177265055674
vt 0.5746623484498838 0.9429356584081616
vt 0.0269509542173478 0.5695987217455746
vt 0.029928900732732147 0.5812872164843569
vt 0.008307166880771558 0.5879604965062506
vt 0.004179604630957595 0.5766268164074945
vt 0.029928900732732154 0.7155877835156431
vt 0.02695095421734779 0.7272762782544254
vt 0.004179604630957595 0.7202481835925055
vt 0.008307166880771572 0.7089145034937494
vt 0.5973017534691993 0.4180865815154694
vt 0.6063192751030605 0.4100763614890339
vt 0.6215373484498838 0.4320643415918384
vt 0.6108641032813853 0.43768227349443256
vt 0.20801539160623272 0.8115243090555465
vt 0.21704745069065512 0.8035304845650686
vt 0.23387692759115325 0.8279413675326222
vt 0.22319349382351372 0.8335398998600739
vt 0.051614833210010105 0.875
vt 0.04862930682078834 0.8633133585145043
vt 0.07886991998158646 0.8571803755762055
vt 0.0806732631947835 0.8691067711040532
vt 0.23612930682078834 0.6523116414854957
vt 0.2391148332100101 0.640625
vt 0.2681732631947835 0.6465182288959468
vt 0.26636991998158643 0.6584446244237945
vt 0.4045474506906551 0.7433445154349314
vt 0.3955153916062327 0.7353506909444534
vt 0.41069349382351367 0.713335100139926
vt 0.4213769275911532 0.7189336324673777
vt 0.5746623484498838 0.9429356584081616
vt 0.5639891032813853 0.9373177265055674
vt 0.5724646872730303 0.9150445823053637
vt 0.5841726516516288 0.9179433564253209
vt 0.5746115457826522 0.4914737217455746
vt 0.5716335992672679 0.5031622164843569
vt 0.549454620862329 0.4986761315621915
vt 0.5512533232559206 0.4867491141476692
vt 0.5247585992672679 0.9030877835156431
vt 0.5277365457826522 0.9147762782544254
vt 0.5043783232559206 0.9195008858523308
vt 0.502579620862329 0.9075738684378085
vt 0.6108641032813853 0.43768227349443256
vt 0.6215373484498838 0.4320643415918384
vt 0.6310476516516288 0.4570566435746791
vt 0.6193396872730303 0.4599554176946363
vt 0.22319349382351372 0.8335398998600739
vt 0.23387692759115325 0.8279413675326222
vt 0.24437158862177638 0.8556719389268852
vt 0.2326583773014903 0.8585494381632683
vt 0.0806732631947835 0.8691067711040532
vt 0.07886991998158646 0.8571803755762055
vt 0.109571875 0.8540984732237921
vt 0.110175 0.866145348223792
vt 0.26636991998158643 0.6584446244237945
vt 0.2681732631947835 0.6465182288959468
vt 0.297675 0.6494796517762079
vt 0.297071875 0.6615265267762079
vt 0.4213769275911532 0.7189336324673777
vt 0.41069349382351367 0.713335100139926
vt 0.4201583773014903 0.6883255618367315
vt 0.4318715886217763 0.6912030610731147
vt 0.5841726516516288 0.9179433564253209
vt 0.5724646872730303 0.9150445823053637
vt 0.575360368237156 0.8913899102865742
vt 0.5874218441522874 0.8914008664614104
vt 0.5512533232559206 0.4867491141476692
vt 0.549454620862329 0.4986761315621915
vt 0.5269390625 0.496421875
vt 0.527540625 0.484375
vt 0.502579620862329 0.9075738684378085
vt 0.5043783232559206 0.9195008858523308
vt 0.480665625 0.921875
vt 0.4800640625 0.909828125
vt 0.6193396872730303 0.4599554176946363
vt 0.6310476516516288 0.4570566435746791
vt 0.6342968441522874 0.48359913353858963
vt 0.622235368237156 0.4836100897134258
vt 0.2326583773014903 0.8585494381632683
vt 0.24437158862177638 0.8556719389268852
vt 0.24792082006741867 0.8851087433754877
vt 0.23585934415228726 0.8850977872006516
vt 0.110175 0.866145348223792
vt 0.109571875 0.8540984732237921
vt 0.14042812500000001 0.8540984732237921
vt 0.139825 0.866145348223792
vt 0.297071875 0.6615265267762079
vt 0.297675 0.6494796517762079
vt 0.327325 0.6494796517762079
vt 0.327928125 0.6615265267762079
vt 0.4318715886217763 0.6912030610731147
vt 0.4201583773014903 0.6883255618367315
vt 0.42335934415228726 0.6617772127993484
vt 0.43542082006741867 0.6617662566245122
vt 0.5874218441522874 0.8914008664614104
vt 0.575360368237156 0.8913899102865742
vt 0.5725076659812043 0.8677300166604104
vt 0.5842208773014903 0.8648525174240272
vt 0.527540625 0.484375
vt 0.5269390625 0.496421875
vt 0.5043109375 0.496421875
vt 0.503709375 0.484375
vt 0.4800640625 0.909828125
vt 0.480665625 0.921875
vt 0.456834375 0.921875
vt 0.4574359375 0.909828125
vt 0.622235368237156 0.4836100897134258
vt 0.6342968441522874 0.48359913353858963
vt 0.6310958773014903 0.5101474825759728
vt 0.6193826659812043 0.5072699833395896
vt 0.23585934415228726 0.8850977872006516
vt 0.24792082006741867 0.8851087433754877
vt 0.24431811603022696 0.9145390512845193
vt 0.23261015165162857 0.9116402771645621
vt 0.139825 0.866145348223792
vt 0.14042812500000001 0.8540984732237921
vt 0.17113008001841354 0.8571803755762055
vt 0.16932673680521648 0.8691067711040532
vt 0.327928125 0.6615265267762079
vt 0.327325 0.6494796517762079
vt 0.3568267368052165 0.6465182288959468
vt 0.35863008001841357 0.6584446244237945
vt 0.43542082006741867 0.6617662566245122
vt 0.42335934415228726 0.6617772127993484
vt 0.4201101516516285 0.6352347228354379
vt 0.4318181160302269 0.6323359487154807
vt 0.5842208773014903 0.8648525174240272
vt 0.5725076659812043 0.8677300166604104
vt 0.5640725600558741 0.8454415114482846
vt 0.5747559938235136 0.8398429791208328
vt 0.503709375 0.484375
vt 0.5043109375 0.496421875
vt 0.48179537913767106 0.4986761315621915
vt 0.4799966767440795 0.4867491141476692
vt 0.4574359375 0.909828125
vt 0.456834375 0.921875
vt 0.4331216767440795 0.9195008858523308
vt 0.43492037913767106 0.9075738684378085
vt 0.6193826659812043 0.5072699833395896
vt 0.6310958773014903 0.5101474825759728
vt 0.6216309938235136 0.5351570208791672
vt 0.6109475600558741 0.5295584885517154
vt 0.23261015165162857 0.9116402771645621
vt 0.24431811603022696 0.9145390512845193
vt 0.23377309361838194 0.9422505110499969
vt 0.2230998484498834 0.9366325791474027
vt 0.16932673680521648 0.8691067711040532
vt 0.17113008001841354 0.8571803755762055
vt 0.20137069317921166 0.8633133585145043
vt 0.19838516678998988 0.875
vt 0.35863008001841357 0.6584446244237945
vt 0.3568267368052165 0.6465182288959468
vt 0.38588516678998985 0.640625
vt 0.38887069317921164 0.6523116414854957
vt 0.4318181160302269 0.6323359487154807
vt 0.4201101516516285 0.6352347228354379
vt 0.4105998484498834 0.6102424208525973
vt 0.4212730936183819 0.604624488950003
vt 0.5747559938235136 0.8398429791208328
vt 0.5640725600558741 0.8454415114482846
vt 0.5505458325218102 0.8258212128067833
vt 0.5595778916062326 0.8178273883163054
vt 0.4799966767440795 0.4867491141476692
vt 0.48179537913767106 0.4986761315621915
vt 0.45961640073273213 0.5031622164843569
vt 0.4566384542173478 0.4914737217455746
vt 0.43492037913767106 0.9075738684378085
vt 0.4331216767440795 0.9195008858523308
vt 0.4097634542173478 0.9147762782544254
vt 0.41274140073273213 0.9030877835156431
vt 0.6109475600558741 0.5295584885517154
vt 0.6216309938235136 0.5351570208791672
vt 0.6064528916062326 0.5571726116836946
vt 0.5974208325218102 0.5491787871932168
vt 0.2230998484498834 0.9366325791474027
vt 0.23377309361838194 0.9422505110499969
vt 0.21689929673692093 0.9666307792766429
vt 0.20788177510305988 0.9586205592502072
vt 0.0076653202085759375 0.546875
vt 0.0035274685644475917 0.5355449893732427
vt 0.03300430682078834 0.5264222611370171
vt 0.035989833210010105 0.5381089026225129
vt 0.4566524685644476 0.6988300106267573
vt 0.4607903202085759 0.6875
vt 0.4891148332100101 0.6962660973774871
vt 0.48612930682078836 0.7079527388629829
vt 0.4212730936183819 0.604624488950003
vt 0.4105998484498834 0.6102424208525973
vt 0.39538177510305983 0.5882544407497928
vt 0.4043992967369209 0.5802442207233571
vt 0.5595778916062326 0.8178273883163054
vt 0.5505458325218102 0.8258212128067833
vt 0.5327145126435785 0.8100106939043982
vt 0.5395696822962367 0.8000866841138782
vt 0.1676953953690424 0.6235018164074945
vt 0.16356783311922843 0.6348354965062506
vt 0.14194609926726784 0.6281622164843569
vt 0.1449240457826522 0.6164737217455746
vt 0.16356783311922843 0.6620395034937494
vt 0.1676953953690424 0.6733731835925055
vt 0.1449240457826522 0.6804012782544254
vt 0.14194609926726784 0.6687127835156431
vt 0.5974208325218102 0.5491787871932168
vt 0.6064528916062326 0.5571726116836946
vt 0.5864446822962367 0.5749133158861218
vt 0.5795895126435785 0.5649893060956018
vt 0.20788177510305988 0.9586205592502072
vt 0.21689929673692093 0.9666307792766429
vt 0.194678498095955 0.9862613321918728
vt 0.18784136890884134 0.9763248848505047
vt 0.035989833210010105 0.5381089026225129
vt 0.03300430682078834 0.5264222611370171
vt 0.06324491998158646 0.5202892781987183
vt 0.0650482631947835 0.5322156737265661
vt 0.48612930682078836 0.7079527388629829
vt 0.4891148332100101 0.6962660973774871
vt 0.5181732631947835 0.7021593262734339
vt 0.5163699199815864 0.7140857218012817
vt 0.4043992967369209 0.5802442207233571
vt 0.39538177510305983 0.5882544407497928
vt 0.3753413689088413 0.5705501151494953
vt 0.38217849809595494 0.5606136678081272
vt 0.5395696822962367 0.8000866841138782
vt 0.5327145126435785 0.8100106939043982
vt 0.5116160849520577 0.7989298624595936
vt 0.5158955089738733 0.7876530787279363
vt 0.1449240457826522 0.6164737217455746
vt 0.14194609926726784 0.6281622164843569
vt 0.11976712086232896 0.6236761315621915
vt 0.12156582325592054 0.6117491141476692
vt 0.14194609926726784 0.6687127835156431
vt 0.1449240457826522 0.6804012782544254
vt 0.12156582325592054 0.6851258858523308
vt 0.11976712086232896 0.6731988684378085
vt 0.5795895126435785 0.5649893060956018
vt 0.5864446822962367 0.5749133158861218
vt 0.5627705089738733 0.5873469212720637
vt 0.5584910849520577 0.5760701375404064
vt 0.18784136890884134 0.9763248848505047
vt 0.194678498095955 0.9862613321918728
vt 0.16840357646223875 1
vt 0.16414464626764091 0.9887154603600056
vt 0.0650482631947835 0.5322156737265661
vt 0.06324491998158646 0.5202892781987183
vt 0.093946875 0.5172073758463049
vt 0.09455 0.529254250846305
vt 0.5163699199815864 0.7140857218012817
vt 0.5181732631947835 0.7021593262734339
vt 0.547675 0.705120749153695
vt 0.547071875 0.7171676241536951
vt 0.38217849809595494 0.5606136678081272
vt 0.3753413689088413 0.5705501151494953
vt 0.35164464626764086 0.5581595396399944
vt 0.3559035764622387 0.546875
vt 0.5158955089738733 0.7876530787279363
vt 0.5116160849520577 0.7989298624595936
vt 0.488478125 0.7932234375
vt 0.4899328125 0.78125
vt 0.12156582325592054 0.6117491141476692
vt 0.11976712086232896 0.6236761315621915
vt 0.0972515625 0.621421875
vt 0.097853125 0.609375
vt 0.11976712086232896 0.6731988684378085
vt 0.12156582325592054 0.6851258858523308
vt 0.097853125 0.6875
vt 0.0972515625 0.675453125
vt 0.5584910849520577 0.5760701375404064
vt 0.5627705089738733 0.5873469212720637
vt 0.5368078125 0.59375
vt 0.535353125 0.5817765625
vt 0.0803796875 0.953125
vt 0.078925 0.9375
vt 0.108575 0.9375
vt 0.10712031250000001 0.953125
vt 0.09455 0.529254250846305
vt 0.093946875 0.5172073758463049
vt 0.124803125 0.5172073758463049
vt 0.1242 0.529254250846305
vt 0.547071875 0.7171676241536951
vt 0.547675 0.705120749153695
vt 0.577325 0.705120749153695
vt 0.577928125 0.7171676241536951
vt 0.110175 1
vt 0.1116296875 0.984375
vt 0.1383703125 0.984375
vt 0.139825 1
vt 0.4899328125 0.78125
vt 0.488478125 0.7932234375
vt 0.464646875 0.7932234375
vt 0.4631921875 0.78125
vt 0.097853125 0.609375
vt 0.0972515625 0.621421875
vt 0.0746234375 0.621421875
vt 0.074021875 0.609375
vt 0.0972515625 0.675453125
vt 0.097853125 0.6875
vt 0.074021875 0.6875
vt 0.0746234375 0.675453125
vt 0.535353125 0.5817765625
vt 0.5368078125 0.59375
vt 0.5100671875 0.59375
vt 0.511521875 0.5817765625
vt 0.0858553537323591 0.9887154603600056
vt 0.08159642353776127 1
vt 0.055321501904045 0.9862613321918728
vt 0.062158631091158656 0.9763248848505047
vt 0.1242 0.529254250846305
vt 0.124803125 0.5172073758463049
vt 0.15550508001841357 0.5202892781987183
vt 0.15370173680521648 0.5322156737265661
vt 0.577928125 0.7171676241536951
vt 0.577325 0.705120749153695
vt 0.6068267368052165 0.7021593262734339
vt 0.6086300800184135 0.7140857218012817
vt 0.2690964235377613 0.546875
vt 0.27335535373235914 0.5581595396399944
vt 0.2496586310911587 0.5705501151494953
vt 0.24282150190404506 0.5606136678081272
vt 0.4631921875 0.78125
vt 0.464646875 0.7932234375
vt 0.44150891504794226 0.7989298624595936
vt 0.4372294910261267 0.7876530787279363
vt 0.074021875 0.609375
vt 0.0746234375 0.621421875
vt 0.052107879137671044 0.6236761315621915
vt 0.05030917674407946 0.6117491141476692
vt 0.0746234375 0.675453125
vt 0.074021875 0.6875
vt 0.05030917674407946 0.6851258858523308
vt 0.052107879137671044 0.6731988684378085
vt 0.511521875 0.5817765625
vt 0.5100671875 0.59375
vt 0.4841044910261267 0.5873469212720637
vt 0.48838391504794226 0.5760701375404064
vt 0.06215863109115864 0.9763248848505047
vt 0.055321501904045 0.9862613321918728
vt 0.033100703263079054 0.9666307792766429
vt 0.0421182248969401 0.9586205592502072
vt 0.15370173680521648 0.5322156737265661
vt 0.15550508001841357 0.5202892781987183
vt 0.18574569317921164 0.5264222611370171
vt 0.1827601667899899 0.5381089026225129
vt 0.6086300800184135 0.7140857218012817
vt 0.6068267368052165 0.7021593262734339
vt 0.6358851667899899 0.6962660973774871
vt 0.6388706931792116 0.7079527388629829
vt 0.24282150190404506 0.5606136678081272
vt 0.2496586310911587 0.5705501151494953
vt 0.22961822489694014 0.5882544407497928
vt 0.22060070326307912 0.5802442207233571
vt 0.4372294910261267 0.7876530787279363
vt 0.44150891504794226 0.7989298624595936
vt 0.4204104873564215 0.8100106939043982
vt 0.4135553177037633 0.8000866841138782
vt 0.05030917674407946 0.6117491141476692
vt 0.052107879137671044 0.6236761315621915
vt 0.029928900732732147 0.6281622164843569
vt 0.0269509542173478 0.6164737217455746
vt 0.052107879137671044 0.6731988684378085
vt 0.05030917674407946 0.6851258858523308
vt 0.02695095421734779 0.6804012782544254
vt 0.029928900732732147 0.6687127835156431
vt 0.4883839150479423 0.5760701375404064
vt 0.4841044910261267 0.5873469212720637
vt 0.4604303177037633 0.5749133158861218
vt 0.4672854873564215 0.5649893060956018
vt 0.0421182248969401 0.9586205592502072
vt 0.033100703263079054 0.9666307792766429
vt 0.016226906381618084 0.9422505110499969
vt 0.02690015155011659 0.9366325791474027
vt 0.1827601667899899 0.5381089026225129
vt 0.18574569317921164 0.5264222611370171
vt 0.21522253143555242 0.5355449893732427
vt 0.21108467979142403 0.546875
vt 0.6388706931792116 0.7079527388629829
vt 0.6358851667899899 0.6962660973774871
vt 0.6642096797914241 0.6875
vt 0.6683475314355525 0.6988300106267573
vt 0.2206007032630791 0.5802442207233571
vt 0.22961822489694014 0.5882544407497928
vt 0.2144001515501166 0.6102424208525973
vt 0.2037269063816181 0.604624488950003
vt 0.4135553177037633 0.8000866841138782
vt 0.4204104873564215 0.8100106939043982
vt 0.4025791674781898 0.8258212128067833
vt 0.39354710839376733 0.8178273883163054
vt 0.0269509542173478 0.6164737217455746
vt 0.029928900732732147 0.6281622164843569
vt 0.008307166880771558 0.6348354965062506
vt 0.004179604630957595 0.6235018164074945
vt 0.029928900732732154 0.6687127835156431
vt 0.02695095421734779 0.6804012782544254
vt 0.004179604630957595 0.6733731835925055
vt 0.008307166880771572 0.6620395034937494
vt 0.4672854873564215 0.5649893060956018
vt 0.4604303177037633 0.5749133158861218
vt 0.44042210839376733 0.5571726116836946
vt 0.4494541674781898 0.5491787871932168
vt 0.02690015155011659 0.9366325791474027
vt 0.016226906381618084 0.9422505110499969
vt 0.005681883969773066 0.9145390512845193
vt 0.017389848348371456 0.9116402771645621
vt 0.051614833210010105 0.921875
vt 0.04862930682078834 0.9101883585145043
vt 0.07886991998158646 0.9040553755762055
vt 0.0806732631947835 0.9159817711040532
vt 0.23612930682078834 0.6991866414854957
vt 0.2391148332100101 0.6875
vt 0.2681732631947835 0.6933932288959468
vt 0.26636991998158643 0.7053196244237945
vt 0.2037269063816181 0.604624488950003
vt 0.2144001515501166 0.6102424208525973
vt 0.20488984834837148 0.6352347228354379
vt 0.1931818839697731 0.6323359487154807
vt 0.39354710839376733 0.8178273883163054
vt 0.4025791674781898 0.8258212128067833
vt 0.38905243994412586 0.8454415114482846
vt 0.37836900617648633 0.8398429791208328
vt 0.1214865457826522 0.4758487217455746
vt 0.11850859926726787 0.4875372164843569
vt 0.09632962086232896 0.4830511315621915
vt 0.09812832325592055 0.4711241141476692
vt 0.35288359926726787 0.5124627835156431
vt 0.3558615457826522 0.5241512782544254
vt 0.3325033232559205 0.5288758858523308
vt 0.33070462086232894 0.5169488684378085
vt 0.4494541674781898 0.5491787871932168
vt 0.44042210839376733 0.5571726116836946
vt 0.4252440061764864 0.5351570208791672
vt 0.43592743994412586 0.5295584885517154
vt 0.017389848348371442 0.9116402771645621
vt 0.005681883969773052 0.9145390512845193
vt 0.002079179932581332 0.8851087433754877
vt 0.014140655847712763 0.8850977872006516
vt 0.0806732631947835 0.9159817711040532
vt 0.07886991998158646 0.9040553755762055
vt 0.109571875 0.9009734732237921
vt 0.110175 0.9130203482237921
vt 0.26636991998158643 0.7053196244237945
vt 0.2681732631947835 0.6933932288959468
vt 0.297675 0.6963546517762079
vt 0.297071875 0.7084015267762079
vt 0.1931818839697731 0.6323359487154807
vt 0.20488984834837148 0.6352347228354379
vt 0.20164065584771276 0.6617772127993484
vt 0.18957917993258133 0.6617662566245122
vt 0.37836900617648633 0.8398429791208328
vt 0.38905243994412586 0.8454415114482846
vt 0.3806173340187957 0.8677300166604104
vt 0.3689041226985097 0.8648525174240272
vt 0.09812832325592055 0.4711241141476692
vt 0.09632962086232896 0.4830511315621915
vt 0.0738140625 0.480796875
vt 0.07441562500000001 0.46875
vt 0.33070462086232894 0.5169488684378085
vt 0.3325033232559205 0.5288758858523308
vt 0.308790625 0.53125
vt 0.3081890625 0.519203125
vt 0.43592743994412586 0.5295584885517154
vt 0.4252440061764864 0.5351570208791672
vt 0.4157791226985097 0.5101474825759728
vt 0.4274923340187957 0.5072699833395896
vt 0.01414065584771275 0.8850977872006516
vt 0.002079179932581318 0.8851087433754877
vt 0.005628411378223647 0.8556719389268852
vt 0.017341622698509696 0.8585494381632683
vt 0.110175 0.9130203482237921
vt 0.109571875 0.9009734732237921
vt 0.14042812500000001 0.9009734732237921
vt 0.139825 0.9130203482237921
vt 0.297071875 0.7084015267762079
vt 0.297675 0.6963546517762079
vt 0.327325 0.6963546517762079
vt 0.327928125 0.7084015267762079
vt 0.18957917993258133 0.6617662566245122
vt 0.20164065584771276 0.6617772127993484
vt 0.2048416226985097 0.6883255618367315
vt 0.19312841137822365 0.6912030610731147
vt 0.3689041226985097 0.8648525174240272
vt 0.3806173340187957 0.8677300166604104
vt 0.377764631762844 0.8913899102865742
vt 0.3657031558477126 0.8914008664614104
vt 0.07441562500000001 0.46875
vt 0.0738140625 0.480796875
vt 0.0511859375 0.480796875
vt 0.050584375 0.46875
vt 0.3081890625 0.519203125
vt 0.308790625 0.53125
vt 0.284959375 0.53125
vt 0.2855609375 0.519203125
vt 0.4274923340187957 0.5072699833395896
vt 0.4157791226985097 0.5101474825759728
vt 0.4125781558477126 0.48359913353858963
vt 0.4246396317628441 0.4836100897134258
vt 0.01734162269850968 0.8585494381632683
vt 0.005628411378223633 0.8556719389268852
vt 0.016123072408846778 0.8279413675326222
vt 0.026806506176486306 0.8335398998600739
vt 0.139825 0.9130203482237921
vt 0.14042812500000001 0.9009734732237921
vt 0.17113008001841354 0.9040553755762055
vt 0.16932673680521648 0.9159817711040532
vt 0.327928125 0.7084015267762079
vt 0.327325 0.6963546517762079
vt 0.3568267368052165 0.6933932288959468
vt 0.35863008001841357 0.7053196244237945
vt 0.19312841137822365 0.6912030610731147
vt 0.2048416226985097 0.6883255618367315
vt 0.21430650617648633 0.713335100139926
vt 0.2036230724088468 0.7189336324673777
vt 0.3657031558477126 0.8914008664614104
vt 0.377764631762844 0.8913899102865742
vt 0.3806603127269696 0.9150445823053637
vt 0.3689523483483712 0.9179433564253209
vt 0.050584375 0.46875
vt 0.0511859375 0.480796875
vt 0.028670379137671044 0.4830511315621915
vt 0.026871676744079462 0.4711241141476692
vt 0.2855609375 0.519203125
vt 0.284959375 0.53125
vt 0.2612466767440795 0.5288758858523308
vt 0.26304537913767106 0.5169488684378085
vt 0.4246396317628441 0.4836100897134258
vt 0.4125781558477126 0.48359913353858963
vt 0.4158273483483712 0.4570566435746791
vt 0.4275353127269696 0.4599554176946363
vt 0.026806506176486306 0.8335398998600739
vt 0.016123072408846778 0.8279413675326222
vt 0.03295254930934487 0.8035304845650686
vt 0.04198460839376729 0.8115243090555465
vt 0.16932673680521648 0.9159817711040532
vt 0.17113008001841354 0.9040553755762055
vt 0.20137069317921166 0.9101883585145043
vt 0.19838516678998988 0.921875
vt 0.35863008001841357 0.7053196244237945
vt 0.3568267368052165 0.6933932288959468
vt 0.38588516678998985 0.6875
vt 0.38887069317921164 0.6991866414854957
vt 0.2036230724088468 0.7189336324673777
vt 0.21430650617648633 0.713335100139926
vt 0.2294846083937673 0.7353506909444534
vt 0.22045254930934488 0.7433445154349314
vt 0.3689523483483712 0.9179433564253209
vt 0.3806603127269696 0.9150445823053637
vt 0.3891358967186147 0.9373177265055674
vt 0.37846265155011616 0.9429356584081616
vt 0.026871676744079462 0.4711241141476692
vt 0.028670379137671044 0.4830511315621915
vt 0.006491400732732147 0.4875372164843569
vt 0.0035134542173477987 0.4758487217455746
vt 0.26304537913767106 0.5169488684378085
vt 0.2612466767440795 0.5288758858523308
vt 0.23788845421734778 0.5241512782544254
vt 0.24086640073273213 0.5124627835156431
vt 0.4275353127269696 0.4599554176946363
vt 0.4158273483483712 0.4570566435746791
vt 0.42533765155011616 0.4320643415918384
vt 0.4360108967186147 0.43768227349443256
vt 0.04198460839376729 0.8115243090555465
vt 0.03295254930934487 0.8035304845650686
vt 0.05513764805110506 0.7838595950625994
vt 0.061992817703763275 0.7937836048531194
vt 0.4451653202085759 0.765625
vt 0.4410274685644476 0.7542949893732427
vt 0.47050430682078836 0.7451722611370171
vt 0.4734898332100101 0.7568589026225129
vt 0.4566524685644476 0.6519550106267573
vt 0.4607903202085759 0.640625
vt 0.4891148332100101 0.6493910973774871
vt 0.48612930682078836 0.6610777388629829
vt 0.22045254930934488 0.7433445154349314
vt 0.2294846083937673 0.7353506909444534
vt 0.24949281770376328 0.7530913951468805
vt 0.24263764805110505 0.7630154049374005
vt 0.37846265155011616 0.9429356584081616
vt 0.3891358967186147 0.9373177265055674
vt 0.4026982465308006 0.9569134184845306
vt 0.3936807248969395 0.9649236385109662
vt 0.1676953953690424 0.5766268164074945
vt 0.16356783311922843 0.5879604965062506
vt 0.14194609926726784 0.5812872164843569
vt 0.1449240457826522 0.5695987217455746
vt 0.16356783311922843 0.7089145034937494
vt 0.1676953953690424 0.7202481835925055
vt 0.1449240457826522 0.7272762782544254
vt 0.14194609926726784 0.7155877835156431
vt 0.4360108967186147 0.43768227349443256
vt 0.42533765155011616 0.4320643415918384
vt 0.4405557248969395 0.4100763614890339
vt 0.44957324653080066 0.4180865815154694
vt 0.061992817703763275 0.7937836048531194
vt 0.05513764805110506 0.7838595950625994
vt 0.08138756700431107 0.7700732157355202
vt 0.08566699102612667 0.7813499994671775
vt 0.4734898332100101 0.7568589026225129
vt 0.47050430682078836 0.7451722611370171
vt 0.5007449199815864 0.7390392781987183
vt 0.5025482631947835 0.7509656737265661
vt 0.48612930682078836 0.6610777388629829
vt 0.4891148332100101 0.6493910973774871
vt 0.5181732631947835 0.6552843262734339
vt 0.5163699199815864 0.6672107218012817
vt 0.24263764805110505 0.7630154049374005
vt 0.24949281770376328 0.7530913951468805
vt 0.2731669910261267 0.7655250005328225
vt 0.26888756700431105 0.7768017842644797
vt 0.3936807248969395 0.9649236385109662
vt 0.4026982465308006 0.9569134184845306
vt 0.4205582602782716 0.9726915167698958
vt 0.4137211310911579 0.9826279641112639
vt 0.1449240457826522 0.5695987217455746
vt 0.14194609926726784 0.5812872164843569
vt 0.11976712086232896 0.5768011315621915
vt 0.12156582325592054 0.5648741141476692
vt 0.14194609926726784 0.7155877835156431
vt 0.1449240457826522 0.7272762782544254
vt 0.12156582325592054 0.7320008858523308
vt 0.11976712086232896 0.7200738684378085
vt 0.44957324653080066 0.4180865815154695
vt 0.4405557248969395 0.4100763614890339
vt 0.46059613109115793 0.39237203588873615
vt 0.46743326027827165 0.40230848323010415
vt 0.08566699102612667 0.7813499994671775
vt 0.08138756700431107 0.7700732157355202
vt 0.110175 0.7629734832392412
vt 0.1116296875 0.7749469207392412
vt 0.5025482631947835 0.7509656737265661
vt 0.5007449199815864 0.7390392781987183
vt 0.531446875 0.7359573758463049
vt 0.53205 0.748004250846305
vt 0.5163699199815864 0.6672107218012817
vt 0.5181732631947835 0.6552843262734339
vt 0.547675 0.658245749153695
vt 0.547071875 0.6702926241536951
vt 0.26888756700431105 0.7768017842644797
vt 0.2731669910261267 0.7655250005328225
vt 0.2991296875 0.7719280792607588
vt 0.297675 0.7839015167607587
vt 0.4137211310911579 0.9826279641112639
vt 0.4205582602782716 0.9726915167698958
vt 0.4416767839269562 0.9837339999807706
vt 0.4374178537323582 0.995018539620765
vt 0.12156582325592054 0.5648741141476692
vt 0.11976712086232896 0.5768011315621915
vt 0.0972515625 0.574546875
vt 0.097853125 0.5625
vt 0.11976712086232896 0.7200738684378085
vt 0.12156582325592054 0.7320008858523308
vt 0.097853125 0.734375
vt 0.0972515625 0.722328125
vt 0.46743326027827165 0.40230848323010415
vt 0.46059613109115793 0.39237203588873615
vt 0.4842928537323582 0.37998146037923497
vt 0.4885517839269562 0.3912660000192294
vt 0.1116296875 0.7749469207392412
vt 0.110175 0.7629734832392412
vt 0.13982499999999998 0.7629734832392412
vt 0.13837031249999998 0.7749469207392412
vt 0.53205 0.748004250846305
vt 0.531446875 0.7359573758463049
vt 0.562303125 0.7359573758463049
vt 0.5617 0.748004250846305
vt 0.547071875 0.6702926241536951
vt 0.547675 0.658245749153695
vt 0.577325 0.658245749153695
vt 0.577928125 0.6702926241536951
vt 0.297675 0.7839015167607587
vt 0.2991296875 0.7719280792607588
vt 0.3258703125 0.7719280792607588
vt 0.327325 0.7839015167607587
vt 0.1539953125 0.953125
vt 0.15254062499999999 0.96875
vt 0.12870937500000001 0.96875
vt 0.1272546875 0.953125
vt 0.097853125 0.5625
vt 0.0972515625 0.574546875
vt 0.0746234375 0.574546875
vt 0.074021875 0.5625
vt 0.0972515625 0.722328125
vt 0.097853125 0.734375
vt 0.074021875 0.734375
vt 0.0746234375 0.722328125
vt 0.105665625 0.8125
vt 0.10712031250000001 0.828125
vt 0.0803796875 0.828125
vt 0.081834375 0.8125
vn 0.0811977774685329 0.9959652628873091 -0.03821146498086823
vn 0.42068912449782214 0.8853397502247461 -0.1979752186543574
vn 0.42068912449782203 -0.885339750224746 -0.1979752186543572
vn 0.08119777746853296 -0.995965262887309 -0.03821146498086826
vn -0.08119777746853267 -0.995965262887309 0.03821146498086809
vn -0.4206891244978222 -0.8853397502247459 0.1979752186543569
vn -0.4206891244978221 0.8853397502247461 0.1979752186543571
vn -0.0811977774685328 0.995965262887309 0.03821146498086818
vn 0.06856822908160672 0.9959444829175401 -0.058249333959504976
vn 0.35506350394298336 0.8848443070036931 -0.30162967448658856
vn 0.35506350394298336 -0.8848443070036931 -0.3016296744865883
vn 0.06856822908160676 -0.9959444829175402 -0.05824933395950511
vn -0.06856822908160656 -0.9959444829175402 0.058249333959504934
vn -0.3550635039429833 -0.8848443070036931 0.3016296744865888
vn -0.35506350394298325 0.8848443070036932 0.3016296744865887
vn -0.06856822908160667 0.9959444829175402 0.05824933395950504
vn 0.05126610222273619 0.9959160990527463 -0.074316286306897
vn 0.2652736620462642 0.8841688611658548 -0.3845455878946477
vn 0.26527366204626396 -0.8841688611658549 -0.38454558789464766
vn 0.05126610222273625 -0.9959160990527461 -0.07431628630689704
vn -0.05126610222273623 -0.9959160990527461 0.07431628630689704
vn -0.2652736620462635 -0.8841688611658555 0.38454558789464655
vn -0.2652736620462633 0.8841688611658554 0.38454558789464643
vn -0.051266102222736344 0.9959160990527461 0.07431628630689717
vn 0.03047136098296343 0.995887717614587 -0.08531793518513303
vn 0.1575567169968812 0.8834949597748551 -0.44114910969148763
vn 0.15755671699688106 -0.8834949597748551 -0.4411491096914875
vn 0.030471360982963474 -0.9958877176145869 -0.08531793518513307
vn -0.030471360982963443 -0.995887717614587 0.08531793518513299
vn -0.15755671699688123 -0.8834949597748549 0.4411491096914876
vn -0.15755671699688117 0.8834949597748551 0.4411491096914876
vn -0.030471360982963505 0.9958877176145869 0.08531793518513314
vn 0.007601349246369257 0.995866942498088 -0.0905055375606648
vn 0.03928282625871229 0.8830026054632153 -0.46772134685761524
vn 0.03928282625871222 -0.8830026054632152 -0.4677213468576151
vn 0.0076013492463693055 -0.9958669424980878 -0.09050553756066487
vn -0.007601349246369248 -0.995866942498088 0.09050553756066473
vn -0.039282826258712066 -0.8830026054632152 0.46772134685761546
vn -0.03928282625871216 0.8830026054632153 0.46772134685761524
vn -0.007601349246369304 0.9958669424980878 0.09050553756066489
vn -0.01578592568583714 0.995859338602717 -0.08952643334792468
vn -0.08156368999381763 0.882822596953869 -0.4625706722028743
vn -0.0815636899938176 -0.8828225969538692 -0.4625706722028741
vn -0.0157859256858372 -0.9958593386027169 -0.08952643334792475
vn 0.015785925685837077 -0.995859338602717 0.0895264333479244
vn 0.08156368999381756 -0.882822596953869 0.46257067220287423
vn 0.08156368999381755 0.8828225969538691 0.4625706722028741
vn 0.015785925685837168 0.9958593386027171 0.08952643334792457
vn -0.038097648723095005 0.995866942498088 -0.08244757122730689
vn -0.19688390404764322 0.8830026054632153 -0.426078780358905
vn -0.19688390404764305 -0.8830026054632154 -0.42607878035890473
vn -0.03809764872309504 -0.995866942498088 -0.08244757122730696
vn 0.03809764872309498 -0.9958669424980879 0.08244757122730682
vn 0.19688390404764303 -0.8830026054632154 0.42607878035890506
vn 0.19688390404764305 0.8830026054632155 0.4260787803589048
vn 0.03809764872309505 0.995866942498088 0.08244757122730699
vn -0.057814165481263724 0.995887717614587 -0.06975081486343865
vn -0.29893676604189634 0.8834949597748553 -0.3606569921141688
vn -0.2989367660418961 -0.8834949597748553 -0.3606569921141687
vn -0.0578141654812638 -0.9958877176145869 -0.06975081486343869
vn 0.05781416548126367 -0.995887717614587 0.06975081486343855
vn 0.29893676604189656 -0.883494959774855 0.3606569921141689
vn 0.29893676604189645 0.883494959774855 0.36065699211416885
vn 0.05781416548126378 0.9958877176145869 0.06975081486343868
vn -0.07359204484927762 0.9959160990527463 -0.05230042621683541
vn -0.38079803980070953 0.884168861165855 -0.27062571538679087
vn -0.3807980398007094 -0.8841688611658551 -0.27062571538679087
vn -0.07359204484927771 -0.9959160990527461 -0.052300426216835415
vn 0.07359204484927762 -0.9959160990527461 0.05230042621683537
vn 0.3807980398007096 -0.8841688611658551 0.2706257153867909
vn 0.3807980398007095 0.884168861165855 0.2706257153867907
vn 0.07359204484927778 0.9959160990527461 0.05230042621683548
vn -0.08435550443779796 0.9959444829175403 -0.031284753749362376
vn -0.43681397906478875 0.8848443070036923 -0.16200030881681007
vn -0.4368139790647887 -0.8848443070036925 -0.1620003088168098
vn -0.084355504437798 -0.9959444829175402 -0.031284753749362466
vn 0.08435550443779805 -0.9959444829175401 0.031284753749362466
vn 0.43681397906478847 -0.8848443070036927 0.1620003088168099
vn 0.4368139790647882 0.8848443070036928 0.16200030881681002
vn 0.08435550443779818 0.9959444829175402 0.03128475374936255
vn -0.08937004304083694 0.9959652628873091 -0.008135756184427623
vn -0.4630299785945824 0.8853397502247455 -0.04215169741168117
vn -0.4630299785945825 -0.8853397502247456 -0.042151697411681004
vn -0.08937004304083701 -0.995965262887309 -0.00813575618442766
vn 0.08937004304083677 -0.995965262887309 0.008135756184427604
vn 0.46302997859458256 -0.8853397502247455 0.042151697411680754
vn 0.4630299785945824 0.8853397502247456 0.04215169741168092
vn 0.08937004304083693 0.995965262887309 0.008135756184427656
vn -0.08829307515996565 0.9959728692093147 0.015568451360422307
vn -0.4575404755045753 0.8855213031966672 0.08067673059763711
vn -0.457540475504575 -0.8855213031966671 0.08067673059763707
vn -0.08829307515996573 -0.9959728692093149 0.015568451360422323
vn 0.08829307515996537 -0.9959728692093148 -0.015568451360422257
vn 0.4575404755045752 -0.885521303196667 -0.08067673059763711
vn 0.457540475504575 0.8855213031966671 -0.08067673059763707
vn 0.08829307515996554 0.9959728692093149 -0.01556845136042229
vn -0.08119777746853292 0.9959652628873091 0.03821146498086821
vn -0.42068912449782214 0.8853397502247461 0.19797521865435735
vn -0.4206891244978219 -0.8853397502247461 0.19797521865435702
vn -0.08119777746853295 -0.995965262887309 0.03821146498086829
vn 0.08119777746853267 -0.995965262887309 -0.03821146498086807
vn 0.42068912449782225 -0.885339750224746 -0.1979752186543568
vn 0.420689124497822 0.885339750224746 -0.1979752186543569
vn 0.08119777746853278 0.995965262887309 -0.03821146498086821
vn -0.06856822908160663 0.9959444829175403 0.05824933395950491
vn -0.3550635039429837 0.884844307003693 0.3016296744865888
vn -0.3550635039429836 -0.8848443070036929 0.3016296744865885
vn -0.06856822908160667 -0.9959444829175402 0.05824933395950499
vn 0.06856822908160665 -0.9959444829175402 -0.058249333959505
vn 0.35506350394298336 -0.8848443070036929 -0.3016296744865887
vn 0.3550635039429832 0.8848443070036932 -0.3016296744865887
vn 0.06856822908160677 0.9959444829175401 -0.05824933395950507
vn -0.05126610222273624 0.9959160990527463 0.074316286306897
vn -0.2652736620462643 0.8841688611658548 0.38454558789464766
vn -0.265273662046264 -0.8841688611658547 0.38454558789464743
vn -0.05126610222273628 -0.9959160990527461 0.07431628630689707
vn 0.05126610222273627 -0.9959160990527461 -0.074316286306897
vn 0.2652736620462638 -0.8841688611658551 -0.3845455878946467
vn 0.26527366204626374 0.8841688611658554 -0.3845455878946467
vn 0.05126610222273634 0.9959160990527461 -0.07431628630689717
vn -0.030471360982963443 0.995887717614587 0.08531793518513296
vn -0.1575567169968814 0.883494959774855 0.44114910969148746
vn -0.15755671699688123 -0.883494959774855 0.44114910969148735
vn -0.030471360982963526 -0.9958877176145869 0.08531793518513302
vn 0.030471360982963484 -0.995887717614587 -0.08531793518513309
vn 0.15755671699688148 -0.883494959774855 -0.4411491096914875
vn 0.1575567169968812 0.8834949597748551 -0.4411491096914875
vn 0.03047136098296359 0.9958877176145869 -0.08531793518513323
vn -0.0076013492463693055 0.995866942498088 0.0905055375606648
vn -0.03928282625871243 0.8830026054632152 0.467721346857615
vn -0.0392828262587124 -0.8830026054632153 0.4677213468576149
vn -0.007601349246369338 -0.9958669424980878 0.09050553756066489
vn 0.007601349246369293 -0.9958669424980879 -0.09050553756066469
vn 0.039282826258712114 -0.8830026054632144 -0.46772134685761646
vn 0.03928282625871254 0.8830026054632146 -0.4677213468576163
vn 0.007601349246369347 0.995866942498088 -0.09050553756066484
vn 0.015785925685837136 0.995859338602717 0.08952643334792466
vn 0.08156368999381762 0.8828225969538692 0.46257067220287423
vn 0.08156368999381762 -0.8828225969538692 0.46257067220287423
vn 0.0157859256858372 -0.9958593386027169 0.08952643334792475
vn -0.01578592568583708 -0.995859338602717 -0.08952643334792441
vn -0.08156368999381756 -0.882822596953869 -0.46257067220287423
vn -0.08156368999381754 0.8828225969538691 -0.46257067220287407
vn -0.015785925685837168 0.9958593386027171 -0.08952643334792457
vn 0.038097648723095005 0.995866942498088 0.08244757122730689
vn 0.19688390404764317 0.8830026054632153 0.4260787803589048
vn 0.196883904047643 -0.8830026054632154 0.4260787803589047
vn 0.03809764872309504 -0.995866942498088 0.08244757122730696
vn -0.038097648723095 -0.995866942498088 -0.08244757122730684
vn -0.1968839040476431 -0.8830026054632153 -0.4260787803589049
vn -0.19688390404764317 0.8830026054632154 -0.42607878035890484
vn -0.038097648723095054 0.995866942498088 -0.08244757122730698
vn 0.057814165481263724 0.995887717614587 0.06975081486343858
vn 0.2989367660418965 0.8834949597748553 0.3606569921141687
vn 0.29893676604189634 -0.8834949597748553 0.3606569921141686
vn 0.0578141654812638 -0.9958877176145869 0.06975081486343868
vn -0.057814165481263696 -0.995887717614587 -0.06975081486343854
vn -0.29893676604189645 -0.8834949597748553 -0.36065699211416874
vn -0.2989367660418964 0.8834949597748554 -0.3606569921141685
vn -0.0578141654812638 0.9958877176145869 -0.06975081486343866
vn 0.07359204484927762 0.9959160990527463 0.05230042621683541
vn 0.38079803980070953 0.884168861165855 0.27062571538679087
vn 0.3807980398007094 -0.8841688611658551 0.27062571538679087
vn 0.07359204484927771 -0.9959160990527461 0.052300426216835415
vn -0.0735920448492776 -0.9959160990527461 -0.05230042621683541
vn -0.3807980398007096 -0.8841688611658551 -0.2706257153867909
vn -0.38079803980070936 0.884168861165855 -0.27062571538679087
vn -0.07359204484927778 0.9959160990527461 -0.05230042621683548
vn 0.08435550443779798 0.9959444829175403 0.031284753749362404
vn 0.4368139790647886 0.8848443070036925 0.16200030881681052
vn 0.43681397906478864 -0.8848443070036924 0.16200030881681
vn 0.08435550443779796 -0.9959444829175402 0.031284753749362515
vn -0.08435550443779813 -0.9959444829175402 -0.031284753749362515
vn -0.4368139790647872 -0.8848443070036931 -0.16200030881681
vn -0.4368139790647872 0.8848443070036931 -0.16200030881680977
vn -0.08435550443779825 0.9959444829175401 -0.03128475374936264
vn 0.08937004304083693 0.9959652628873091 0.008135756184427686
vn 0.46302997859458117 0.8853397502247462 0.04215169741168107
vn 0.4630299785945811 -0.8853397502247463 0.042151697411681156
vn 0.089370043040837 -0.995965262887309 0.00813575618442771
vn -0.08937004304083677 -0.995965262887309 -0.008135756184427672
vn -0.4630299785945835 -0.8853397502247451 -0.04215169741168092
vn -0.4630299785945833 0.8853397502247452 -0.042151697411681364
vn -0.08937004304083693 0.995965262887309 -0.008135756184427695
vn 0.08829307515996565 0.9959728692093149 -0.015568451360422309
vn 0.4575404755045752 0.8855213031966671 -0.08067673059763711
vn 0.457540475504575 -0.8855213031966671 -0.08067673059763707
vn 0.08829307515996575 -0.9959728692093149 -0.015568451360422326
vn -0.08829307515996537 -0.9959728692093148 0.015568451360422257
vn -0.4575404755045753 -0.8855213031966672 0.08067673059763711
vn -0.45754047550457505 0.8855213031966673 0.08067673059763707
vn -0.08829307515996554 0.9959728692093149 0.01556845136042229
usemtl m_a818bd0d-43f7-590e-97fd-130de72355b5
f 627/2545/649 628/2546/649 636/2547/649 635/2548/649
f 628/2549/650 629/2550/650 637/2551/650 636/2552/650
f 629/2553/651 630/2554/651 638/2555/651 637/2556/651
f 630/2557/652 631/2558/652 639/2559/652 638/2560/652
f 631/2561/653 632/2562/653 640/2563/653 639/2564/653
f 632/2565/654 633/2566/654 641/2567/654 640/2568/654
f 633/2569/655 634/2570/655 642/2571/655 641/2572/655
f 634/2573/656 627/2574/656 635/2575/656 642/2576/656
f 635/2577/657 636/2578/657 644/2579/657 643/2580/657
f 636/2581/658 637/2582/658 645/2583/658 644/2584/658
f 637/2585/659 638/2586/659 646/2587/659 645/2588/659
f 638/2589/660 639/2590/660 647/2591/660 646/2592/660
f 639/2593/661 640/2594/661 648/2595/661 647/2596/661
f 640/2597/662 641/2598/662 649/2599/662 648/2600/662
f 641/2601/663 642/2602/663 650/2603/663 649/2604/663
f 642/2605/664 635/2606/664 643/2607/664 650/2608/664
f 643/2609/665 644/2610/665 652/2611/665 651/2612/665
f 644/2613/666 645/2614/666 653/2615/666 652/2616/666
f 645/2617/667 646/2618/667 654/2619/667 653/2620/667
f 646/2621/668 647/2622/668 655/2623/668 654/2624/668
f 647/2625/669 648/2626/669 656/2627/669 655/2628/669
f 648/2629/670 649/2630/670 657/2631/670 656/2632/670
f 649/2633/671 650/2634/671 658/2635/671 657/2636/671
f 650/2637/672 643/2638/672 651/2639/672 658/2640/672
f 651/2641/673 652/2642/673 660/2643/673 659/2644/673
f 652/2645/674 653/2646/674 661/2647/674 660/2648/674
f 653/2649/675 654/2650/675 662/2651/675 661/2652/675
f 654/2653/676 655/2654/676 663/2655/676 662/2656/676
f 655/2657/677 656/2658/677 664/2659/677 663/2660/677
f 656/2661/678 657/2662/678 665/2663/678 664/2664/678
f 657/2665/679 658/2666/679 666/2667/679 665/2668/679
f 658/2669/680 651/2670/680 659/2671/680 666/2672/680
f 659/2673/681 660/2674/681 668/2675/681 667/2676/681
f 660/2677/682 661/2678/682 669/2679/682 668/2680/682
f 661/2681/683 662/2682/683 670/2683/683 669/2684/683
f 662/2685/684 663/2686/684 671/2687/684 670/2688/684
f 663/2689/685 664/2690/685 672/2691/685 671/2692/685
f 664/2693/686 665/2694/686 673/2695/686 672/2696/686
f 665/2697/687 666/2698/687 674/2699/687 673/2700/687
f 666/2701/688 659/2702/688 667/2703/688 674/2704/688
f 667/2705/689 668/2706/689 676/2707/689 675/2708/689
f 668/2709/690 669/2710/690 677/2711/690 676/2712/690
f 669/2713/691 670/2714/691 678/2715/691 677/2716/691
f 670/2717/692 671/2718/692 679/2719/692 678/2720/692
f 671/2721/693 672/2722/693 680/2723/693 679/2724/693
f 672/2725/694 673/2726/694 681/2727/694 680/2728/694
f 673/2729/695 674/2730/695 682/2731/695 681/2732/695
f 674/2733/696 667/2734/696 675/2735/696 682/2736/696
f 675/2737/697 676/2738/697 684/2739/697 683/2740/697
f 676/2741/698 677/2742/698 685/2743/698 684/2744/698
f 677/2745/699 678/2746/699 686/2747/699 685/2748/699
f 678/2749/700 679/2750/700 687/2751/700 686/2752/700
f 679/2753/701 680/2754/701 688/2755/701 687/2756/701
f 680/2757/702 681/2758/702 689/2759/702 688/2760/702
f 681/2761/703 682/2762/703 690/2763/703 689/2764/703
f 682/2765/704 675/2766/704 683/2767/704 690/2768/704
f 683/2769/705 684/2770/705 692/2771/705 691/2772/705
f 684/2773/706 685/2774/706 693/2775/706 692/2776/706
f 685/2777/707 686/2778/707 694/2779/707 693/2780/707
f 686/2781/708 687/2782/708 695/2783/708 694/2784/708
f 687/2785/709 688/2786/709 696/2787/709 695/2788/709
f 688/2789/710 689/2790/710 697/2791/710 696/2792/710
f 689/2793/711 690/2794/711 698/2795/711 697/2796/711
f 690/2797/712 683/2798/712 691/2799/712 698/2800/712
f 691/2801/713 692/2802/713 700/2803/713 699/2804/713
f 692/2805/714 693/2806/714 701/2807/714 700/2808/714
f 693/2809/715 694/2810/715 702/2811/715 701/2812/715
f 694/2813/716 695/2814/716 703/2815/716 702/2816/716
f 695/2817/717 696/2818/717 704/2819/717 703/2820/717
f 696/2821/718 697/2822/718 705/2823/718 704/2824/718
f 697/2825/719 698/2826/719 706/2827/719 705/2828/719
f 698/2829/720 691/2830/720 699/2831/720 706/2832/720
f 699/2833/721 700/2834/721 708/2835/721 707/2836/721
f 700/2837/722 701/2838/722 709/2839/722 708/2840/722
f 701/2841/723 702/2842/723 710/2843/723 709/2844/723
f 702/2845/724 703/2846/724 711/2847/724 710/2848/724
f 703/2849/725 704/2850/725 712/2851/725 711/2852/725
f 704/2853/726 705/2854/726 713/2855/726 712/2856/726
f 705/2857/727 706/2858/727 714/2859/727 713/2860/727
f 706/2861/728 699/2862/728 707/2863/728 714/2864/728
f 707/2865/729 708/2866/729 716/2867/729 715/2868/729
f 708/2869/730 709/2870/730 717/2871/730 716/2872/730
f 709/2873/731 710/2874/731 718/2875/731 717/2876/731
f 710/2877/732 711/2878/732 719/2879/732 718/2880/732
f 711/2881/733 712/2882/733 720/2883/733 719/2884/733
f 712/2885/734 713/2886/734 721/2887/734 720/2888/734
f 713/2889/735 714/2890/735 722/2891/735 721/2892/735
f 714/2893/736 707/2894/736 715/2895/736 722/2896/736
f 715/2897/737 716/2898/737 724/2899/737 723/2900/737
f 716/2901/738 717/2902/738 725/2903/738 724/2904/738
f 717/2905/739 718/2906/739 726/2907/739 725/2908/739
f 718/2909/740 719/2910/740 727/2911/740 726/2912/740
f 719/2913/741 720/2914/741 728/2915/741 727/2916/741
f 720/2917/742 721/2918/742 729/2919/742 728/2920/742
f 721/2921/743 722/2922/743 730/2923/743 729/2924/743
f 722/2925/744 715/2926/744 723/2927/744 730/2928/744
f 723/2929/745 724/2930/745 732/2931/745 731/2932/745
f 724/2933/746 725/2934/746 733/2935/746 732/2936/746
f 725/2937/747 726/2938/747 734/2939/747 733/2940/747
f 726/2941/748 727/2942/748 735/2943/748 734/2944/748
f 727/2945/749 728/2946/749 736/2947/749 735/2948/749
f 728/2949/750 729/2950/750 737/2951/750 736/2952/750
f 729/2953/751 730/2954/751 738/2955/751 737/2956/751
f 730/2957/752 723/2958/752 731/2959/752 738/2960/752
f 731/2961/753 732/2962/753 740/2963/753 739/2964/753
f 732/2965/754 733/2966/754 741/2967/754 740/2968/754
f 733/2969/755 734/2970/755 742/2971/755 741/2972/755
f 734/2973/756 735/2974/756 743/2975/756 742/2976/756
f 735/2977/757 736/2978/757 744/2979/757 743/2980/757
f 736/2981/758 737/2982/758 745/2983/758 744/2984/758
f 737/2985/759 738/2986/759 746/2987/759 745/2988/759
f 738/2989/760 731/2990/760 739/2991/760 746/2992/760
f 739/2993/761 740/2994/761 748/2995/761 747/2996/761
f 740/2997/762 741/2998/762 749/2999/762 748/3000/762
f 741/3001/763 742/3002/763 750/3003/763 749/3004/763
f 742/3005/764 743/3006/764 751/3007/764 750/3008/764
f 743/3009/765 744/3010/765 752/3011/765 751/3012/765
f 744/3013/766 745/3014/766 753/3015/766 752/3016/766
f 745/3017/767 746/3018/767 754/3019/767 753/3020/767
f 746/3021/768 739/3022/768 747/3023/768 754/3024/768
f 747/3025/769 748/3026/769 756/3027/769 755/3028/769
f 748/3029/770 749/3030/770 757/3031/770 756/3032/770
f 749/3033/771 750/3034/771 758/3035/771 757/3036/771
f 750/3037/772 751/3038/772 759/3039/772 758/3040/772
f 751/3041/773 752/3042/773 760/3043/773 759/3044/773
f 752/3045/774 753/3046/774 761/3047/774 760/3048/774
f 753/3049/775 754/3050/775 762/3051/775 761/3052/775
f 754/3053/776 747/3054/776 755/3055/776 762/3056/776
f 755/3057/777 756/3058/777 764/3059/777 763/3060/777
f 756/3061/778 757/3062/778 765/3063/778 764/3064/778
f 757/3065/779 758/3066/779 766/3067/779 765/3068/779
f 758/3069/780 759/3070/780 767/3071/780 766/3072/780
f 759/3073/781 760/3074/781 768/3075/781 767/3076/781
f 760/3077/782 761/3078/782 769/3079/782 768/3080/782
f 761/3081/783 762/3082/783 770/3083/783 769/3084/783
f 762/3085/784 755/3086/784 763/3087/784 770/3088/784
f 763/3089/785 764/3090/785 772/3091/785 771/3092/785
f 764/3093/786 765/3094/786 773/3095/786 772/3096/786
f 765/3097/787 766/3098/787 774/3099/787 773/3100/787
f 766/3101/788 767/3102/788 775/3103/788 774/3104/788
f 767/3105/789 768/3106/789 776/3107/789 775/3108/789
f 768/3109/790 769/3110/790 777/3111/790 776/3112/790
f 769/3113/791 770/3114/791 778/3115/791 777/3116/791
f 770/3117/792 763/3118/792 771/3119/792 778/3120/792
f 771/3121/793 772/3122/793 780/3123/793 779/3124/793
f 772/3125/794 773/3126/794 781/3127/794 780/3128/794
f 773/3129/795 774/3130/795 782/3131/795 781/3132/795
f 774/3133/796 775/3134/796 783/3135/796 782/3136/796
f 775/3137/797 776/3138/797 784/3139/797 783/3140/797
f 776/3141/798 777/3142/798 785/3143/798 784/3144/798
f 777/3145/799 778/3146/799 786/3147/799 785/3148/799
f 778/3149/800 771/3150/800 779/3151/800 786/3152/800
f 779/3153/801 780/3154/801 788/3155/801 787/3156/801
f 780/3157/802 781/3158/802 789/3159/802 788/3160/802
f 781/3161/803 782/3162/803 790/3163/803 789/3164/803
f 782/3165/804 783/3166/804 791/3167/804 790/3168/804
f 783/3169/805 784/3170/805 792/3171/805 791/3172/805
f 784/3173/806 785/3174/806 793/3175/806 792/3176/806
f 785/3177/807 786/3178/807 794/3179/807 793/3180/807
f 786/3181/808 779/3182/808 787/3183/808 794/3184/808
f 787/3185/809 788/3186/809 796/3187/809 795/3188/809
f 788/3189/810 789/3190/810 797/3191/810 796/3192/810
f 789/3193/811 790/3194/811 798/3195/811 797/3196/811
f 790/3197/812 791/3198/812 799/3199/812 798/3200/812
f 791/3201/813 792/3202/813 800/3203/813 799/3204/813
f 792/3205/814 793/3206/814 801/3207/814 800/3208/814
f 793/3209/815 794/3210/815 802/3211/815 801/3212/815
f 794/3213/816 787/3214/816 795/3215/816 802/3216/816
f 795/3217/817 796/3218/817 804/3219/817 803/3220/817
f 796/3221/818 797/3222/818 805/3223/818 804/3224/818
f 797/3225/819 798/3226/819 806/3227/819 805/3228/819
f 798/3229/820 799/3230/820 807/3231/820 806/3232/820
f 799/3233/821 800/3234/821 808/3235/821 807/3236/821
f 800/3237/822 801/3238/822 809/3239/822 808/3240/822
f 801/3241/823 802/3242/823 810/3243/823 809/3244/823
f 802/3245/824 795/3246/824 803/3247/824 810/3248/824
f 803/3249/825 804/3250/825 812/3251/825 811/3252/825
f 804/3253/826 805/3254/826 813/3255/826 812/3256/826
f 805/3257/827 806/3258/827 814/3259/827 813/3260/827
f 806/3261/828 807/3262/828 815/3263/828 814/3264/828
f 807/3265/829 808/3266/829 816/3267/829 815/3268/829
f 808/3269/830 809/3270/830 817/3271/830 816/3272/830
f 809/3273/831 810/3274/831 818/3275/831 817/3276/831
f 810/3277/832 803/3278/832 811/3279/832 818/3280/832
f 811/3281/833 812/3282/833 628/3283/833 627/3284/833
f 812/3285/834 813/3286/834 629/3287/834 628/3288/834
f 813/3289/835 814/3290/835 630/3291/835 629/3292/835
f 814/3293/836 815/3294/836 631/3295/836 630/3296/836
f 815/3297/837 816/3298/837 632/3299/837 631/3300/837
f 816/3301/838 817/3302/838 633/3303/838 632/3304/838
f 817/3305/839 818/3306/839 634/3307/839 633/3308/839
f 818/3309/840 811/3310/840 627/3311/840 634/3312/840